,trade_date,ts_name,ban1,ban2,ban3,1to2,2to3,3still
0,20230101,燕塘乳业,1,0,0,0,0,0
1,20230101,张家界,1,0,0,0,0,0
2,20230101,富临运业,1,0,0,0,0,0
3,20230101,天地在线,1,0,0,0,0,0
4,20230101,湖南投资,1,0,0,0,0,0
5,20230101,游族网络,1,0,0,0,0,0
6,20230101,国脉科技,1,0,0,0,0,0
7,20230101,佳禾食品,1,0,0,0,0,0
8,20230101,华闻集团,1,0,0,0,0,0
9,20230101,ST实达,1,0,0,0,0,0
10,20230101,四川金顶,1,0,0,0,0,0
11,20230101,风语筑,1,0,0,0,0,0
12,20230101,奥维通信,1,0,0,0,0,0
13,20230101,空港股份,1,0,0,0,0,0
14,20230101,南宁百货,1,0,0,0,0,0
15,20230101,联发股份,1,0,0,0,0,0
16,20230101,锦州港,1,0,0,0,0,0
17,20230101,华天酒店,1,0,0,0,0,0
18,20230101,焦点科技,1,0,0,0,0,0
19,20230101,国恩股份,1,0,0,0,0,0
20,20230101,*ST瑞德,1,0,0,0,0,0
21,20230101,首创证券,1,0,0,0,0,0
22,20230101,黑芝麻,1,0,0,0,0,0
23,20230101,亚星客车,1,0,0,0,0,0
24,20230101,*ST沈机,1,0,0,0,0,0
25,20230101,ST中利,1,0,0,0,0,0
26,20230101,人人乐,1,0,0,0,0,0
27,20230101,奥特佳,1,0,0,0,0,0
28,20230101,ST中基,1,0,0,0,0,0
29,20230101,东宏股份,1,0,0,0,0,0
30,20230101,安奈儿,1,0,0,0,0,0
31,20230101,*ST必康,1,0,0,0,0,0
32,20230101,力盛体育,1,0,0,0,0,0
33,20230101,徐家汇,1,0,0,0,0,0
34,20230101,北京文化,1,0,0,0,0,0
35,20230101,跨境通,1,0,0,0,0,0
36,20230101,龙建股份,1,0,0,0,0,0
37,20230101,积成电子,1,0,0,0,0,0
38,20230101,慈文传媒,1,0,0,0,0,0
39,20230101,英飞拓,1,0,0,0,0,0
40,20230101,久其软件,0,1,0,0,0,0
41,20230101,新华百货,0,1,0,0,0,0
42,20230101,ST曙光,0,1,0,0,0,0
43,20230101,通程控股,0,1,0,0,0,0
44,20230101,炜冈科技,0,1,0,0,0,0
45,20230101,卓朗科技,0,1,0,0,0,0
46,20230101,麦趣尔,0,0,1,0,0,0
47,20230101,中兴商业,0,0,1,0,0,0
48,20230101,安妮股份,0,0,1,0,0,0
49,20230101,中科云网,0,0,1,0,0,0
50,20230101,桂发祥,0,0,1,0,0,0
51,20230101,尚太科技,0,0,1,0,0,0
52,20230103,华胜天成,1,0,0,0,0,0
53,20230103,南天信息,1,0,0,0,0,0
54,20230103,格尔软件,1,0,0,0,0,0
55,20230103,恒为科技,1,0,0,0,0,0
56,20230103,中国联通,1,0,0,0,0,0
57,20230103,澳洋健康,1,0,0,0,0,0
58,20230103,盛路通信,1,0,0,0,0,0
59,20230103,二六三,1,0,0,0,0,0
60,20230103,众生药业,1,0,0,0,0,0
61,20230103,湖北广电,1,0,0,0,0,0
62,20230103,新大正,1,0,0,0,0,0
63,20230103,鲁商发展,1,0,0,0,0,0
64,20230103,佳力图,1,0,0,0,0,0
65,20230103,百合股份,1,0,0,0,0,0
66,20230103,哈药股份,1,0,0,0,0,0
67,20230103,中远海科,1,0,0,0,0,0
68,20230103,*ST未来,1,0,0,0,0,0
69,20230103,爱玛科技,1,0,0,0,0,0
70,20230103,易明医药,1,0,0,0,0,0
71,20230103,威创股份,1,0,0,0,0,0
72,20230103,同力日升,1,0,0,0,0,0
73,20230103,恒银科技,1,0,0,0,0,0
74,20230103,三湘印象,1,0,0,0,0,0
75,20230103,云鼎科技,1,0,0,0,0,0
76,20230103,海信家电,1,0,0,0,0,0
77,20230103,园城黄金,1,0,0,0,0,0
78,20230103,大金重工,1,0,0,0,0,0
79,20230103,哈尔斯,1,0,0,0,0,0
80,20230103,亚星化学,1,0,0,0,0,0
81,20230103,海量数据,1,0,0,0,0,0
82,20230103,*ST中安,1,0,0,0,0,0
83,20230103,美利云,1,0,0,0,0,0
84,20230103,网达软件,1,0,0,0,0,0
85,20230103,深桑达A,1,0,0,0,0,0
86,20230103,*ST宜康,1,0,0,0,0,0
87,20230103,博瑞传播,1,0,0,0,0,0
88,20230103,*ST中昌,1,0,0,0,0,0
89,20230103,榕基软件,1,0,0,0,0,0
90,20230103,ST熊猫,1,0,0,0,0,0
91,20230103,昂利康,1,0,0,0,0,0
92,20230103,康冠科技,1,0,0,0,0,0
93,20230103,*ST亚联,1,0,0,0,0,0
94,20230103,智微智能,1,0,0,0,0,0
95,20230103,人民网,1,0,0,0,0,0
96,20230103,博敏电子,1,0,0,0,0,0
97,20230103,中广天择,1,0,0,0,0,0
98,20230103,恒大高新,1,0,0,0,0,0
99,20230103,*ST顺利,1,0,0,0,0,0
100,20230103,艾艾精工,1,0,0,0,0,0
101,20230103,神马电力,1,0,0,0,0,0
102,20230103,太极股份,1,0,0,0,0,0
103,20230103,华润双鹤,1,0,0,0,0,0
104,20230103,如意集团,1,0,0,0,0,0
105,20230103,*ST银河,1,0,0,0,0,0
106,20230103,高争民爆,1,0,0,0,0,0
107,20230103,税友股份,1,0,0,0,0,0
108,20230103,ST柏龙,1,0,0,0,0,0
109,20230103,雅运股份,1,0,0,0,0,0
110,20230103,ST洲际,1,0,0,0,0,0
111,20230103,沈阳化工,1,0,0,0,0,0
112,20230103,南岭民爆,1,0,0,0,0,0
113,20230103,宇顺电子,1,0,0,0,0,0
114,20230103,中新赛克,1,0,0,0,0,0
115,20230103,金桥信息,1,0,0,0,0,0
116,20230103,中路股份,1,0,0,0,0,0
117,20230103,福建金森,1,0,0,0,0,0
118,20230103,加加食品,1,0,0,0,0,0
119,20230103,华媒控股,1,0,0,0,0,0
120,20230103,*ST荣华,1,0,0,0,0,0
121,20230103,梦网科技,1,0,0,0,0,0
122,20230103,双成药业,1,0,0,0,0,0
123,20230103,方盛制药,1,0,0,0,0,0
124,20230103,祥鑫科技,1,0,0,0,0,0
125,20230103,赛腾股份,1,0,0,0,0,0
126,20230103,华电国际,1,0,0,0,0,0
127,20230103,北纬科技,1,0,0,0,0,0
128,20230103,海得控制,1,0,0,0,0,0
129,20230103,大参林,1,0,0,0,0,0
130,20230103,ST广田,1,0,0,0,0,0
131,20230103,文一科技,1,0,0,0,0,0
132,20230103,滨江集团,1,0,0,0,0,0
133,20230103,深纺织A,1,0,0,0,0,0
134,20230103,秦安股份,1,0,0,0,0,0
135,20230103,*ST博天,1,0,0,0,0,0
136,20230103,数据港,1,0,0,0,0,0
137,20230103,英飞拓,0,1,0,1,0,0
138,20230103,ST实达,0,1,0,1,0,0
139,20230103,天地在线,0,1,0,1,0,0
140,20230103,黑芝麻,0,1,0,1,0,0
141,20230103,奥维通信,0,1,0,1,0,0
142,20230103,慈文传媒,0,1,0,1,0,0
143,20230103,ST中利,0,1,0,1,0,0
144,20230103,联发股份,0,1,0,1,0,0
145,20230103,人人乐,0,1,0,1,0,0
146,20230103,国脉科技,0,1,0,1,0,0
147,20230103,ST中基,0,1,0,1,0,0
148,20230103,*ST必康,0,1,0,1,0,0
149,20230103,*ST瑞德,0,1,0,1,0,0
150,20230103,安妮股份,0,0,1,0,0,1
151,20230103,尚太科技,0,0,1,0,0,1
152,20230103,久其软件,0,0,1,0,1,0
153,20230103,炜冈科技,0,0,1,0,1,0
154,20230103,卓朗科技,0,0,1,0,1,0
155,20230103,新华百货,0,0,1,0,1,0
156,20230103,通程控股,0,0,1,0,1,0
157,20230104,帅丰电器,1,0,0,0,0,0
158,20230104,新华联,1,0,0,0,0,0
159,20230104,实丰文化,1,0,0,0,0,0
160,20230104,蒙娜丽莎,1,0,0,0,0,0
161,20230104,ST爱迪尔,1,0,0,0,0,0
162,20230104,西麦食品,1,0,0,0,0,0
163,20230104,豪美新材,1,0,0,0,0,0
164,20230104,志邦家居,1,0,0,0,0,0
165,20230104,ST榕泰,1,0,0,0,0,0
166,20230104,帝欧家居,1,0,0,0,0,0
167,20230104,数源科技,1,0,0,0,0,0
168,20230104,济民医疗,1,0,0,0,0,0
169,20230104,ST泰禾,1,0,0,0,0,0
170,20230104,长白山,1,0,0,0,0,0
171,20230104,同兴达,1,0,0,0,0,0
172,20230104,*ST奇信,1,0,0,0,0,0
173,20230104,贵绳股份,1,0,0,0,0,0
174,20230104,镇洋发展,1,0,0,0,0,0
175,20230104,凯恩股份,1,0,0,0,0,0
176,20230104,皮阿诺,1,0,0,0,0,0
177,20230104,甘咨询,1,0,0,0,0,0
178,20230104,巨轮智能,1,0,0,0,0,0
179,20230104,紫光股份,1,0,0,0,0,0
180,20230104,贵州三力,1,0,0,0,0,0
181,20230104,中装建设,1,0,0,0,0,0
182,20230104,亚太实业,1,0,0,0,0,0
183,20230104,三角轮胎,1,0,0,0,0,0
184,20230104,跨境通,1,0,0,0,0,0
185,20230104,百洋股份,1,0,0,0,0,0
186,20230104,新城控股,1,0,0,0,0,0
187,20230104,ST明诚,1,0,0,0,0,0
188,20230104,岳阳林纸,1,0,0,0,0,0
189,20230104,ST天成,1,0,0,0,0,0
190,20230104,兔宝宝,1,0,0,0,0,0
191,20230104,通润装备,1,0,0,0,0,0
192,20230104,亚士创能,1,0,0,0,0,0
193,20230104,中南建设,1,0,0,0,0,0
194,20230104,ST新城,1,0,0,0,0,0
195,20230104,声迅股份,1,0,0,0,0,0
196,20230104,*ST西源,1,0,0,0,0,0
197,20230104,*ST银河,0,1,0,1,0,0
198,20230104,中远海科,0,1,0,1,0,0
199,20230104,*ST中昌,0,1,0,1,0,0
200,20230104,哈尔斯,0,1,0,1,0,0
201,20230104,文一科技,0,1,0,1,0,0
202,20230104,佳力图,0,1,0,1,0,0
203,20230104,南天信息,0,1,0,1,0,0
204,20230104,海得控制,0,1,0,1,0,0
205,20230104,ST熊猫,0,1,0,1,0,0
206,20230104,二六三,0,1,0,1,0,0
207,20230104,*ST荣华,0,1,0,1,0,0
208,20230104,三湘印象,0,1,0,1,0,0
209,20230104,深桑达A,0,1,0,1,0,0
210,20230104,尚太科技,0,0,1,0,0,1
211,20230104,安妮股份,0,0,1,0,0,1
212,20230104,久其软件,0,0,1,0,0,1
213,20230104,新华百货,0,0,1,0,0,1
214,20230104,*ST瑞德,0,0,1,0,1,0
215,20230104,ST中基,0,0,1,0,1,0
216,20230104,慈文传媒,0,0,1,0,1,0
217,20230104,ST实达,0,0,1,0,1,0
218,20230104,*ST必康,0,0,1,0,1,0
219,20230105,保隆科技,1,0,0,0,0,0
220,20230105,众业达,1,0,0,0,0,0
221,20230105,恩捷股份,1,0,0,0,0,0
222,20230105,富通信息,1,0,0,0,0,0
223,20230105,*ST运盛,1,0,0,0,0,0
224,20230105,实益达,1,0,0,0,0,0
225,20230105,歌尔股份,1,0,0,0,0,0
226,20230105,华阳集团,1,0,0,0,0,0
227,20230105,奥维通信,1,0,0,0,0,0
228,20230105,兰州黄河,1,0,0,0,0,0
229,20230105,科达利,1,0,0,0,0,0
230,20230105,同兴环保,1,0,0,0,0,0
231,20230105,如意集团,1,0,0,0,0,0
232,20230105,通达电气,1,0,0,0,0,0
233,20230105,芯能科技,1,0,0,0,0,0
234,20230105,国美通讯,1,0,0,0,0,0
235,20230105,沃格光电,1,0,0,0,0,0
236,20230105,湘财股份,1,0,0,0,0,0
237,20230105,方正电机,1,0,0,0,0,0
238,20230105,欧克科技,1,0,0,0,0,0
239,20230105,佛燃能源,1,0,0,0,0,0
240,20230105,美利云,1,0,0,0,0,0
241,20230105,惠威科技,1,0,0,0,0,0
242,20230105,ST澄星,1,0,0,0,0,0
243,20230105,金溢科技,1,0,0,0,0,0
244,20230105,德赛西威,1,0,0,0,0,0
245,20230105,嵘泰股份,1,0,0,0,0,0
246,20230105,古井贡酒,1,0,0,0,0,0
247,20230105,直真科技,1,0,0,0,0,0
248,20230105,传化智联,1,0,0,0,0,0
249,20230105,奥园美谷,1,0,0,0,0,0
250,20230105,*ST新海,1,0,0,0,0,0
251,20230105,鸣志电器,1,0,0,0,0,0
252,20230105,若羽臣,1,0,0,0,0,0
253,20230105,通达动力,1,0,0,0,0,0
254,20230105,凤形股份,1,0,0,0,0,0
255,20230105,三人行,1,0,0,0,0,0
256,20230105,数源科技,0,1,0,1,0,0
257,20230105,ST明诚,0,1,0,1,0,0
258,20230105,兔宝宝,0,1,0,1,0,0
259,20230105,紫光股份,0,1,0,1,0,0
260,20230105,ST爱迪尔,0,1,0,1,0,0
261,20230105,*ST西源,0,1,0,1,0,0
262,20230105,尚太科技,0,0,1,0,0,1
263,20230105,ST中基,0,0,1,0,0,1
264,20230105,ST实达,0,0,1,0,0,1
265,20230105,*ST银河,0,0,1,0,1,0
266,20230105,中远海科,0,0,1,0,1,0
267,20230105,*ST中昌,0,0,1,0,1,0
268,20230105,*ST荣华,0,0,1,0,1,0
269,20230105,海得控制,0,0,1,0,1,0
270,20230105,哈尔斯,0,0,1,0,1,0
271,20230106,文灿股份,1,0,0,0,0,0
272,20230106,意华股份,1,0,0,0,0,0
273,20230106,东旭蓝天,1,0,0,0,0,0
274,20230106,英联股份,1,0,0,0,0,0
275,20230106,联泓新科,1,0,0,0,0,0
276,20230106,欧晶科技,1,0,0,0,0,0
277,20230106,福莱特,1,0,0,0,0,0
278,20230106,*ST金洲,1,0,0,0,0,0
279,20230106,中原传媒,1,0,0,0,0,0
280,20230106,广东宏大,1,0,0,0,0,0
281,20230106,山西路桥,1,0,0,0,0,0
282,20230106,鑫铂股份,1,0,0,0,0,0
283,20230106,京泉华,1,0,0,0,0,0
284,20230106,茂化实华,1,0,0,0,0,0
285,20230106,镇洋发展,1,0,0,0,0,0
286,20230106,黑芝麻,1,0,0,0,0,0
287,20230106,清源股份,1,0,0,0,0,0
288,20230106,鼎际得,1,0,0,0,0,0
289,20230106,金达威,1,0,0,0,0,0
290,20230106,鹿山新材,1,0,0,0,0,0
291,20230106,钧达股份,1,0,0,0,0,0
292,20230106,今飞凯达,1,0,0,0,0,0
293,20230106,爱旭股份,1,0,0,0,0,0
294,20230106,王力安防,1,0,0,0,0,0
295,20230106,福斯特,1,0,0,0,0,0
296,20230106,东方盛虹,1,0,0,0,0,0
297,20230106,众业达,0,1,0,1,0,0
298,20230106,同兴环保,0,1,0,1,0,0
299,20230106,通达电气,0,1,0,1,0,0
300,20230106,通达动力,0,1,0,1,0,0
301,20230106,芯能科技,0,1,0,1,0,0
302,20230106,ST实达,0,0,1,0,0,1
303,20230106,*ST中昌,0,0,1,0,0,1
304,20230106,数源科技,0,0,1,0,1,0
305,20230106,ST明诚,0,0,1,0,1,0
306,20230109,川润股份,1,0,0,0,0,0
307,20230109,ST万林,1,0,0,0,0,0
308,20230109,电子城,1,0,0,0,0,0
309,20230109,华宏科技,1,0,0,0,0,0
310,20230109,罗普斯金,1,0,0,0,0,0
311,20230109,铭普光磁,1,0,0,0,0,0
312,20230109,*ST荣华,1,0,0,0,0,0
313,20230109,东亚药业,1,0,0,0,0,0
314,20230109,昂立教育,1,0,0,0,0,0
315,20230109,南网能源,1,0,0,0,0,0
316,20230109,钱江摩托,1,0,0,0,0,0
317,20230109,伊力特,1,0,0,0,0,0
318,20230109,好上好,1,0,0,0,0,0
319,20230109,华软科技,1,0,0,0,0,0
320,20230109,罗曼股份,1,0,0,0,0,0
321,20230109,二三四五,1,0,0,0,0,0
322,20230109,金一文化,1,0,0,0,0,0
323,20230109,贵广网络,1,0,0,0,0,0
324,20230109,东尼电子,1,0,0,0,0,0
325,20230109,精艺股份,1,0,0,0,0,0
326,20230109,株冶集团,1,0,0,0,0,0
327,20230109,宏盛股份,1,0,0,0,0,0
328,20230109,天佑德酒,1,0,0,0,0,0
329,20230109,赛腾股份,1,0,0,0,0,0
330,20230109,大智慧,1,0,0,0,0,0
331,20230109,孚日股份,1,0,0,0,0,0
332,20230109,欧克科技,1,0,0,0,0,0
333,20230109,科力尔,1,0,0,0,0,0
334,20230109,天马科技,1,0,0,0,0,0
335,20230109,博菲电气,1,0,0,0,0,0
336,20230109,君正集团,1,0,0,0,0,0
337,20230109,金证股份,1,0,0,0,0,0
338,20230109,春风动力,1,0,0,0,0,0
339,20230109,ST广田,1,0,0,0,0,0
340,20230109,伟时电子,1,0,0,0,0,0
341,20230109,北方铜业,1,0,0,0,0,0
342,20230109,博纳影业,1,0,0,0,0,0
343,20230109,华斯股份,1,0,0,0,0,0
344,20230109,英飞拓,1,0,0,0,0,0
345,20230109,博威合金,1,0,0,0,0,0
346,20230109,茂化实华,0,1,0,1,0,0
347,20230109,*ST中昌,0,0,1,0,0,1
348,20230109,ST明诚,0,0,1,0,0,1
349,20230109,通达动力,0,0,1,0,1,0
350,20230109,众业达,0,0,1,0,1,0
351,20230110,天地在线,1,0,0,0,0,0
352,20230110,合力科技,1,0,0,0,0,0
353,20230110,宇晶股份,1,0,0,0,0,0
354,20230110,安妮股份,1,0,0,0,0,0
355,20230110,广西广电,1,0,0,0,0,0
356,20230110,亿晶光电,1,0,0,0,0,0
357,20230110,泰晶科技,1,0,0,0,0,0
358,20230110,雪峰科技,1,0,0,0,0,0
359,20230110,重庆百货,1,0,0,0,0,0
360,20230110,特力A,1,0,0,0,0,0
361,20230110,岭南股份,1,0,0,0,0,0
362,20230110,北汽蓝谷,1,0,0,0,0,0
363,20230110,久其软件,1,0,0,0,0,0
364,20230110,天富能源,1,0,0,0,0,0
365,20230110,黑芝麻,1,0,0,0,0,0
366,20230110,川仪股份,1,0,0,0,0,0
367,20230110,ST中基,1,0,0,0,0,0
368,20230110,中京电子,1,0,0,0,0,0
369,20230110,北玻股份,1,0,0,0,0,0
370,20230110,东易日盛,1,0,0,0,0,0
371,20230110,巨人网络,1,0,0,0,0,0
372,20230110,广博股份,1,0,0,0,0,0
373,20230110,天威视讯,1,0,0,0,0,0
374,20230110,嵘泰股份,1,0,0,0,0,0
375,20230110,兴瑞科技,1,0,0,0,0,0
376,20230110,中天精装,1,0,0,0,0,0
377,20230110,兔宝宝,1,0,0,0,0,0
378,20230110,通润装备,1,0,0,0,0,0
379,20230110,遥望科技,1,0,0,0,0,0
380,20230110,苏常柴A,1,0,0,0,0,0
381,20230110,*ST西源,1,0,0,0,0,0
382,20230110,金一文化,0,1,0,1,0,0
383,20230110,电子城,0,1,0,1,0,0
384,20230110,东尼电子,0,1,0,1,0,0
385,20230110,二三四五,0,1,0,1,0,0
386,20230110,罗曼股份,0,1,0,1,0,0
387,20230110,好上好,0,1,0,1,0,0
388,20230110,ST明诚,0,0,1,0,0,1
389,20230110,通达动力,0,0,1,0,0,1
390,20230111,陕西黑猫,1,0,0,0,0,0
391,20230111,京蓝科技,1,0,0,0,0,0
392,20230111,广汇物流,1,0,0,0,0,0
393,20230111,中天服务,1,0,0,0,0,0
394,20230111,远望谷,1,0,0,0,0,0
395,20230111,睿能科技,1,0,0,0,0,0
396,20230111,楚天龙,1,0,0,0,0,0
397,20230111,实益达,1,0,0,0,0,0
398,20230111,数源科技,1,0,0,0,0,0
399,20230111,科瑞技术,1,0,0,0,0,0
400,20230111,金发拉比,1,0,0,0,0,0
401,20230111,皇氏集团,1,0,0,0,0,0
402,20230111,康达新材,1,0,0,0,0,0
403,20230111,ST金鸿,1,0,0,0,0,0
404,20230111,亚翔集成,1,0,0,0,0,0
405,20230111,郑州煤电,1,0,0,0,0,0
406,20230111,安奈儿,1,0,0,0,0,0
407,20230111,皇庭国际,1,0,0,0,0,0
408,20230111,*ST日海,1,0,0,0,0,0
409,20230111,宇顺电子,1,0,0,0,0,0
410,20230111,黑芝麻,0,1,0,1,0,0
411,20230111,通润装备,0,1,0,1,0,0
412,20230111,天威视讯,0,1,0,1,0,0
413,20230111,岭南股份,0,1,0,1,0,0
414,20230111,广博股份,0,1,0,1,0,0
415,20230111,ST明诚,0,0,1,0,0,1
416,20230111,通达动力,0,0,1,0,0,1
417,20230111,电子城,0,0,1,0,1,0
418,20230111,东尼电子,0,0,1,0,1,0
419,20230111,二三四五,0,0,1,0,1,0
420,20230112,宝胜股份,1,0,0,0,0,0
421,20230112,华锋股份,1,0,0,0,0,0
422,20230112,众业达,1,0,0,0,0,0
423,20230112,浙商中拓,1,0,0,0,0,0
424,20230112,万润科技,1,0,0,0,0,0
425,20230112,天下秀,1,0,0,0,0,0
426,20230112,合力泰,1,0,0,0,0,0
427,20230112,亚世光电,1,0,0,0,0,0
428,20230112,*ST深南,1,0,0,0,0,0
429,20230112,通达电气,1,0,0,0,0,0
430,20230112,宁波精达,1,0,0,0,0,0
431,20230112,大智慧,1,0,0,0,0,0
432,20230112,ST星源,1,0,0,0,0,0
433,20230112,赛福天,1,0,0,0,0,0
434,20230112,ST中利,1,0,0,0,0,0
435,20230112,远大智能,1,0,0,0,0,0
436,20230112,ST中基,1,0,0,0,0,0
437,20230112,惠威科技,1,0,0,0,0,0
438,20230112,千味央厨,1,0,0,0,0,0
439,20230112,恒久科技,1,0,0,0,0,0
440,20230112,*ST宜康,1,0,0,0,0,0
441,20230112,ST弘高,1,0,0,0,0,0
442,20230112,索菱股份,1,0,0,0,0,0
443,20230112,青岛金王,1,0,0,0,0,0
444,20230112,黑猫股份,1,0,0,0,0,0
445,20230112,利君股份,1,0,0,0,0,0
446,20230112,ST柏龙,1,0,0,0,0,0
447,20230112,新华都,1,0,0,0,0,0
448,20230112,通达股份,1,0,0,0,0,0
449,20230112,兔宝宝,1,0,0,0,0,0
450,20230112,遥望科技,1,0,0,0,0,0
451,20230112,振邦智能,1,0,0,0,0,0
452,20230112,泰永长征,1,0,0,0,0,0
453,20230112,楚天龙,0,1,0,1,0,0
454,20230112,金发拉比,0,1,0,1,0,0
455,20230112,ST明诚,0,0,1,0,0,1
456,20230112,通达动力,0,0,1,0,0,1
457,20230112,电子城,0,0,1,0,0,1
458,20230112,天威视讯,0,0,1,0,1,0
459,20230113,森源电气,1,0,0,0,0,0
460,20230113,海利生物,1,0,0,0,0,0
461,20230113,江苏华辰,1,0,0,0,0,0
462,20230113,中航产融,1,0,0,0,0,0
463,20230113,宏达高科,1,0,0,0,0,0
464,20230113,广西广电,1,0,0,0,0,0
465,20230113,盈方微,1,0,0,0,0,0
466,20230113,ST榕泰,1,0,0,0,0,0
467,20230113,兆新股份,1,0,0,0,0,0
468,20230113,神马电力,1,0,0,0,0,0
469,20230113,五芳斋,1,0,0,0,0,0
470,20230113,同兴环保,1,0,0,0,0,0
471,20230113,科沃斯,1,0,0,0,0,0
472,20230113,天佑德酒,1,0,0,0,0,0
473,20230113,隆基机械,1,0,0,0,0,0
474,20230113,光洋股份,1,0,0,0,0,0
475,20230113,曲美家居,1,0,0,0,0,0
476,20230113,鹏都农牧,1,0,0,0,0,0
477,20230113,大亚圣象,1,0,0,0,0,0
478,20230113,湘财股份,1,0,0,0,0,0
479,20230113,二六三,1,0,0,0,0,0
480,20230113,弘业期货,1,0,0,0,0,0
481,20230113,金牌厨柜,1,0,0,0,0,0
482,20230113,省广集团,1,0,0,0,0,0
483,20230113,香飘飘,1,0,0,0,0,0
484,20230113,厦门信达,1,0,0,0,0,0
485,20230113,ST大集,1,0,0,0,0,0
486,20230113,摩恩电气,1,0,0,0,0,0
487,20230113,*ST博天,1,0,0,0,0,0
488,20230113,模塑科技,1,0,0,0,0,0
489,20230113,华斯股份,1,0,0,0,0,0
490,20230113,合力泰,0,1,0,1,0,0
491,20230113,通达股份,0,1,0,1,0,0
492,20230113,泰永长征,0,1,0,1,0,0
493,20230113,天威视讯,0,0,1,0,0,1
494,20230113,金发拉比,0,0,1,0,1,0
495,20230116,凯莱英,1,0,0,0,0,0
496,20230116,烽火电子,1,0,0,0,0,0
497,20230116,珠江钢琴,1,0,0,0,0,0
498,20230116,友邦吊顶,1,0,0,0,0,0
499,20230116,歌力思,1,0,0,0,0,0
500,20230116,香溢融通,1,0,0,0,0,0
501,20230116,华资实业,1,0,0,0,0,0
502,20230116,*ST荣华,1,0,0,0,0,0
503,20230116,合肥百货,1,0,0,0,0,0
504,20230116,*ST金洲,1,0,0,0,0,0
505,20230116,罗欣药业,1,0,0,0,0,0
506,20230116,太极股份,1,0,0,0,0,0
507,20230116,*ST尤夫,1,0,0,0,0,0
508,20230116,杭州解百,1,0,0,0,0,0
509,20230116,九牧王,1,0,0,0,0,0
510,20230116,龙高股份,1,0,0,0,0,0
511,20230116,久其软件,1,0,0,0,0,0
512,20230116,民生控股,1,0,0,0,0,0
513,20230116,吉翔股份,1,0,0,0,0,0
514,20230116,台华新材,1,0,0,0,0,0
515,20230116,弘业股份,1,0,0,0,0,0
516,20230116,恒久科技,1,0,0,0,0,0
517,20230116,ST泛微,1,0,0,0,0,0
518,20230116,航天晨光,1,0,0,0,0,0
519,20230116,老白干酒,1,0,0,0,0,0
520,20230116,榕基软件,1,0,0,0,0,0
521,20230116,*ST中昌,1,0,0,0,0,0
522,20230116,美凯龙,1,0,0,0,0,0
523,20230116,ST熊猫,1,0,0,0,0,0
524,20230116,福能股份,1,0,0,0,0,0
525,20230116,联络互动,1,0,0,0,0,0
526,20230116,山西证券,1,0,0,0,0,0
527,20230116,步步高,1,0,0,0,0,0
528,20230116,智微智能,1,0,0,0,0,0
529,20230116,厦门信达,0,1,0,1,0,0
530,20230116,ST大集,0,1,0,1,0,0
531,20230116,湘财股份,0,1,0,1,0,0
532,20230116,中航产融,0,1,0,1,0,0
533,20230116,弘业期货,0,1,0,1,0,0
534,20230116,宏达高科,0,1,0,1,0,0
535,20230116,盈方微,0,1,0,1,0,0
536,20230116,隆基机械,0,1,0,1,0,0
537,20230116,金发拉比,0,0,1,0,0,1
538,20230116,通达股份,0,0,1,0,1,0
539,20230116,泰永长征,0,0,1,0,1,0
540,20230117,国盛金控,1,0,0,0,0,0
541,20230117,飞亚达,1,0,0,0,0,0
542,20230117,ST凯撒,1,0,0,0,0,0
543,20230117,共达电声,1,0,0,0,0,0
544,20230117,远望谷,1,0,0,0,0,0
545,20230117,湖南投资,1,0,0,0,0,0
546,20230117,合力泰,1,0,0,0,0,0
547,20230117,瑞斯康达,1,0,0,0,0,0
548,20230117,亚世光电,1,0,0,0,0,0
549,20230117,山西路桥,1,0,0,0,0,0
550,20230117,保利联合,1,0,0,0,0,0
551,20230117,华茂股份,1,0,0,0,0,0
552,20230117,国美通讯,1,0,0,0,0,0
553,20230117,ST曙光,1,0,0,0,0,0
554,20230117,赛福天,1,0,0,0,0,0
555,20230117,跃岭股份,1,0,0,0,0,0
556,20230117,亿利达,1,0,0,0,0,0
557,20230117,西安旅游,1,0,0,0,0,0
558,20230117,高新发展,1,0,0,0,0,0
559,20230117,中公教育,1,0,0,0,0,0
560,20230117,众合科技,1,0,0,0,0,0
561,20230117,宋都股份,1,0,0,0,0,0
562,20230117,博通集成,1,0,0,0,0,0
563,20230117,西安饮食,1,0,0,0,0,0
564,20230117,通达动力,1,0,0,0,0,0
565,20230117,金龙羽,1,0,0,0,0,0
566,20230117,ST龙净,1,0,0,0,0,0
567,20230117,*ST金洲,0,1,0,1,0,0
568,20230117,美凯龙,0,1,0,1,0,0
569,20230117,恒久科技,0,1,0,1,0,0
570,20230117,珠江钢琴,0,1,0,1,0,0
571,20230117,泰永长征,0,0,1,0,0,1
572,20230117,宏达高科,0,0,1,0,1,0
573,20230117,湘财股份,0,0,1,0,1,0
574,20230117,隆基机械,0,0,1,0,1,0
575,20230117,ST大集,0,0,1,0,1,0
576,20230117,弘业期货,0,0,1,0,1,0
577,20230118,中远海科,1,0,0,0,0,0
578,20230118,乾景园林,1,0,0,0,0,0
579,20230118,广西广电,1,0,0,0,0,0
580,20230118,竞业达,1,0,0,0,0,0
581,20230118,泛海控股,1,0,0,0,0,0
582,20230118,和科达,1,0,0,0,0,0
583,20230118,久远银海,1,0,0,0,0,0
584,20230118,禾盛新材,1,0,0,0,0,0
585,20230118,ST东洋,1,0,0,0,0,0
586,20230118,科瑞技术,1,0,0,0,0,0
587,20230118,空港股份,1,0,0,0,0,0
588,20230118,爱仕达,1,0,0,0,0,0
589,20230118,金发拉比,1,0,0,0,0,0
590,20230118,永鼎股份,1,0,0,0,0,0
591,20230118,悦心健康,1,0,0,0,0,0
592,20230118,华西股份,1,0,0,0,0,0
593,20230118,爱婴室,1,0,0,0,0,0
594,20230118,英威腾,1,0,0,0,0,0
595,20230118,奥拓电子,1,0,0,0,0,0
596,20230118,科安达,1,0,0,0,0,0
597,20230118,荣联科技,1,0,0,0,0,0
598,20230118,吉大正元,1,0,0,0,0,0
599,20230118,ST明诚,1,0,0,0,0,0
600,20230118,通达股份,1,0,0,0,0,0
601,20230118,昂利康,1,0,0,0,0,0
602,20230118,皇庭国际,1,0,0,0,0,0
603,20230118,慈文传媒,1,0,0,0,0,0
604,20230118,绿能慧充,1,0,0,0,0,0
605,20230118,达意隆,1,0,0,0,0,0
606,20230118,跃岭股份,0,1,0,1,0,0
607,20230118,国盛金控,0,1,0,1,0,0
608,20230118,飞亚达,0,1,0,1,0,0
609,20230118,远望谷,0,1,0,1,0,0
610,20230118,泰永长征,0,0,1,0,0,1
611,20230118,ST大集,0,0,1,0,0,1
612,20230118,弘业期货,0,0,1,0,0,1
613,20230118,*ST金洲,0,0,1,0,1,0
614,20230118,恒久科技,0,0,1,0,1,0
615,20230118,美凯龙,0,0,1,0,1,0
616,20230119,广誉远,1,0,0,0,0,0
617,20230119,大众交通,1,0,0,0,0,0
618,20230119,东方钽业,1,0,0,0,0,0
619,20230119,德明利,1,0,0,0,0,0
620,20230119,华闻集团,1,0,0,0,0,0
621,20230119,延华智能,1,0,0,0,0,0
622,20230119,*ST尤夫,1,0,0,0,0,0
623,20230119,瑞达期货,1,0,0,0,0,0
624,20230119,真视通,1,0,0,0,0,0
625,20230119,恒银科技,1,0,0,0,0,0
626,20230119,华金资本,1,0,0,0,0,0
627,20230119,华林证券,1,0,0,0,0,0
628,20230119,*ST银河,1,0,0,0,0,0
629,20230119,潞安环能,1,0,0,0,0,0
630,20230119,中国软件,1,0,0,0,0,0
631,20230119,科远智慧,1,0,0,0,0,0
632,20230119,欧克科技,1,0,0,0,0,0
633,20230119,ST中利,1,0,0,0,0,0
634,20230119,皖通科技,1,0,0,0,0,0
635,20230119,高斯贝尔,1,0,0,0,0,0
636,20230119,ST宏达,1,0,0,0,0,0
637,20230119,*ST中昌,1,0,0,0,0,0
638,20230119,利君股份,1,0,0,0,0,0
639,20230119,盛视科技,1,0,0,0,0,0
640,20230119,深纺织A,1,0,0,0,0,0
641,20230119,智微智能,1,0,0,0,0,0
642,20230119,声迅股份,1,0,0,0,0,0
643,20230119,久远银海,0,1,0,1,0,0
644,20230119,ST明诚,0,1,0,1,0,0
645,20230119,中远海科,0,1,0,1,0,0
646,20230119,弘业期货,0,0,1,0,0,1
647,20230119,恒久科技,0,0,1,0,0,1
648,20230119,国盛金控,0,0,1,0,1,0
649,20230119,跃岭股份,0,0,1,0,1,0
650,20230120,国脉文化,1,0,0,0,0,0
651,20230120,国旅联合,1,0,0,0,0,0
652,20230120,中航产融,1,0,0,0,0,0
653,20230120,创兴资源,1,0,0,0,0,0
654,20230120,二三四五,1,0,0,0,0,0
655,20230120,恒源煤电,1,0,0,0,0,0
656,20230120,同为股份,1,0,0,0,0,0
657,20230120,禾盛新材,1,0,0,0,0,0
658,20230120,爱仕达,1,0,0,0,0,0
659,20230120,中色股份,1,0,0,0,0,0
660,20230120,科陆电子,1,0,0,0,0,0
661,20230120,久其软件,1,0,0,0,0,0
662,20230120,金房节能,1,0,0,0,0,0
663,20230120,中国电信,1,0,0,0,0,0
664,20230120,南威软件,1,0,0,0,0,0
665,20230120,ST中基,1,0,0,0,0,0
666,20230120,中国稀土,1,0,0,0,0,0
667,20230120,银泰黄金,1,0,0,0,0,0
668,20230120,龙建股份,1,0,0,0,0,0
669,20230120,ST大集,1,0,0,0,0,0
670,20230120,华源控股,1,0,0,0,0,0
671,20230120,达意隆,1,0,0,0,0,0
672,20230120,美吉姆,1,0,0,0,0,0
673,20230120,高斯贝尔,0,1,0,1,0,0
674,20230120,中国软件,0,1,0,1,0,0
675,20230120,智微智能,0,1,0,1,0,0
676,20230120,科远智慧,0,1,0,1,0,0
677,20230120,恒久科技,0,0,1,0,0,1
678,20230120,中远海科,0,0,1,0,1,0
679,20230130,有友食品,1,0,0,0,0,0
680,20230130,汉王科技,1,0,0,0,0,0
681,20230130,成飞集成,1,0,0,0,0,0
682,20230130,立航科技,1,0,0,0,0,0
683,20230130,文灿股份,1,0,0,0,0,0
684,20230130,新宏泰,1,0,0,0,0,0
685,20230130,旭升集团,1,0,0,0,0,0
686,20230130,领益智造,1,0,0,0,0,0
687,20230130,合力科技,1,0,0,0,0,0
688,20230130,烽火电子,1,0,0,0,0,0
689,20230130,珠江钢琴,1,0,0,0,0,0
690,20230130,万润科技,1,0,0,0,0,0
691,20230130,*ST未来,1,0,0,0,0,0
692,20230130,ST交投,1,0,0,0,0,0
693,20230130,视觉中国,1,0,0,0,0,0
694,20230130,爱柯迪,1,0,0,0,0,0
695,20230130,东方钽业,1,0,0,0,0,0
696,20230130,竞业达,1,0,0,0,0,0
697,20230130,飞龙股份,1,0,0,0,0,0
698,20230130,誉衡药业,1,0,0,0,0,0
699,20230130,学大教育,1,0,0,0,0,0
700,20230130,通达动力,1,0,0,0,0,0
701,20230130,金钼股份,1,0,0,0,0,0
702,20230130,科大讯飞,1,0,0,0,0,0
703,20230130,我乐家居,1,0,0,0,0,0
704,20230130,*ST同洲,1,0,0,0,0,0
705,20230130,*ST深南,1,0,0,0,0,0
706,20230130,科达利,1,0,0,0,0,0
707,20230130,*ST尤夫,1,0,0,0,0,0
708,20230130,行动教育,1,0,0,0,0,0
709,20230130,铭科精技,1,0,0,0,0,0
710,20230130,光洋股份,1,0,0,0,0,0
711,20230130,掌阅科技,1,0,0,0,0,0
712,20230130,黄河旋风,1,0,0,0,0,0
713,20230130,宁波精达,1,0,0,0,0,0
714,20230130,ST康美,1,0,0,0,0,0
715,20230130,潮宏基,1,0,0,0,0,0
716,20230130,绿康生化,1,0,0,0,0,0
717,20230130,黑芝麻,1,0,0,0,0,0
718,20230130,襄阳轴承,1,0,0,0,0,0
719,20230130,巨轮智能,1,0,0,0,0,0
720,20230130,大元泵业,1,0,0,0,0,0
721,20230130,海得控制,1,0,0,0,0,0
722,20230130,川大智胜,1,0,0,0,0,0
723,20230130,ST中利,1,0,0,0,0,0
724,20230130,李子园,1,0,0,0,0,0
725,20230130,力生制药,1,0,0,0,0,0
726,20230130,南纺股份,1,0,0,0,0,0
727,20230130,远大智能,1,0,0,0,0,0
728,20230130,惠威科技,1,0,0,0,0,0
729,20230130,瑞鹄模具,1,0,0,0,0,0
730,20230130,耀皮玻璃,1,0,0,0,0,0
731,20230130,上海洗霸,1,0,0,0,0,0
732,20230130,东易日盛,1,0,0,0,0,0
733,20230130,鸿博股份,1,0,0,0,0,0
734,20230130,瑞玛精密,1,0,0,0,0,0
735,20230130,和胜股份,1,0,0,0,0,0
736,20230130,日丰股份,1,0,0,0,0,0
737,20230130,众兴菌业,1,0,0,0,0,0
738,20230130,ST宏达,1,0,0,0,0,0
739,20230130,福斯达,1,0,0,0,0,0
740,20230130,嵘泰股份,1,0,0,0,0,0
741,20230130,智能自控,1,0,0,0,0,0
742,20230130,威尔泰,1,0,0,0,0,0
743,20230130,直真科技,1,0,0,0,0,0
744,20230130,ST明诚,1,0,0,0,0,0
745,20230130,今飞凯达,1,0,0,0,0,0
746,20230130,广东鸿图,1,0,0,0,0,0
747,20230130,沪光股份,1,0,0,0,0,0
748,20230130,ST天润,1,0,0,0,0,0
749,20230130,东山精密,1,0,0,0,0,0
750,20230130,拓普集团,1,0,0,0,0,0
751,20230130,恒润股份,1,0,0,0,0,0
752,20230130,久其软件,0,1,0,1,0,0
753,20230130,同为股份,0,1,0,1,0,0
754,20230130,禾盛新材,0,1,0,1,0,0
755,20230130,华源控股,0,1,0,1,0,0
756,20230130,爱仕达,0,1,0,1,0,0
757,20230130,中航产融,0,1,0,1,0,0
758,20230130,ST中基,0,1,0,1,0,0
759,20230130,二三四五,0,1,0,1,0,0
760,20230130,达意隆,0,1,0,1,0,0
761,20230130,美吉姆,0,1,0,1,0,0
762,20230130,恒久科技,0,0,1,0,0,1
763,20230130,中远海科,0,0,1,0,0,1
764,20230130,高斯贝尔,0,0,1,0,1,0
765,20230130,科远智慧,0,0,1,0,1,0
766,20230131,先锋电子,1,0,0,0,0,0
767,20230131,建发合诚,1,0,0,0,0,0
768,20230131,宁波富邦,1,0,0,0,0,0
769,20230131,日月股份,1,0,0,0,0,0
770,20230131,江瀚新材,1,0,0,0,0,0
771,20230131,盈方微,1,0,0,0,0,0
772,20230131,京投发展,1,0,0,0,0,0
773,20230131,*ST运盛,1,0,0,0,0,0
774,20230131,佛山照明,1,0,0,0,0,0
775,20230131,华铁应急,1,0,0,0,0,0
776,20230131,华茂股份,1,0,0,0,0,0
777,20230131,三湘印象,1,0,0,0,0,0
778,20230131,*ST西发,1,0,0,0,0,0
779,20230131,波导股份,1,0,0,0,0,0
780,20230131,泰禾智能,1,0,0,0,0,0
781,20230131,中迪投资,1,0,0,0,0,0
782,20230131,*ST易尚,1,0,0,0,0,0
783,20230131,亿利达,1,0,0,0,0,0
784,20230131,德力股份,1,0,0,0,0,0
785,20230131,奥特佳,1,0,0,0,0,0
786,20230131,京山轻机,1,0,0,0,0,0
787,20230131,*ST科林,1,0,0,0,0,0
788,20230131,西藏药业,1,0,0,0,0,0
789,20230131,厦门信达,1,0,0,0,0,0
790,20230131,黑猫股份,1,0,0,0,0,0
791,20230131,玉龙股份,1,0,0,0,0,0
792,20230131,浙江鼎力,1,0,0,0,0,0
793,20230131,新时达,1,0,0,0,0,0
794,20230131,韵达股份,1,0,0,0,0,0
795,20230131,汉王科技,0,1,0,1,0,0
796,20230131,成飞集成,0,1,0,1,0,0
797,20230131,福斯达,0,1,0,1,0,0
798,20230131,嵘泰股份,0,1,0,1,0,0
799,20230131,威尔泰,0,1,0,1,0,0
800,20230131,智能自控,0,1,0,1,0,0
801,20230131,ST明诚,0,1,0,1,0,0
802,20230131,海得控制,0,1,0,1,0,0
803,20230131,*ST未来,0,1,0,1,0,0
804,20230131,川大智胜,0,1,0,1,0,0
805,20230131,视觉中国,0,1,0,1,0,0
806,20230131,上海洗霸,0,1,0,1,0,0
807,20230131,耀皮玻璃,0,1,0,1,0,0
808,20230131,光洋股份,0,1,0,1,0,0
809,20230131,恒久科技,0,0,1,0,0,1
810,20230131,爱仕达,0,0,1,0,1,0
811,20230131,达意隆,0,0,1,0,1,0
812,20230131,同为股份,0,0,1,0,1,0
813,20230201,传智教育,1,0,0,0,0,0
814,20230201,飞亚达,1,0,0,0,0,0
815,20230201,天域生态,1,0,0,0,0,0
816,20230201,中航产融,1,0,0,0,0,0
817,20230201,信达证券,1,0,0,0,0,0
818,20230201,安妮股份,1,0,0,0,0,0
819,20230201,东方钽业,1,0,0,0,0,0
820,20230201,ST易购,1,0,0,0,0,0
821,20230201,天永智能,1,0,0,0,0,0
822,20230201,章源钨业,1,0,0,0,0,0
823,20230201,楚天龙,1,0,0,0,0,0
824,20230201,湘邮科技,1,0,0,0,0,0
825,20230201,中成股份,1,0,0,0,0,0
826,20230201,金瑞矿业,1,0,0,0,0,0
827,20230201,广汇汽车,1,0,0,0,0,0
828,20230201,华钰矿业,1,0,0,0,0,0
829,20230201,宝明科技,1,0,0,0,0,0
830,20230201,上海港湾,1,0,0,0,0,0
831,20230201,红塔证券,1,0,0,0,0,0
832,20230201,同兴达,1,0,0,0,0,0
833,20230201,金发拉比,1,0,0,0,0,0
834,20230201,岭南股份,1,0,0,0,0,0
835,20230201,瑞达期货,1,0,0,0,0,0
836,20230201,北方国际,1,0,0,0,0,0
837,20230201,株冶集团,1,0,0,0,0,0
838,20230201,威龙股份,1,0,0,0,0,0
839,20230201,中色股份,1,0,0,0,0,0
840,20230201,精伦电子,1,0,0,0,0,0
841,20230201,王子新材,1,0,0,0,0,0
842,20230201,东方中科,1,0,0,0,0,0
843,20230201,天马股份,1,0,0,0,0,0
844,20230201,欧克科技,1,0,0,0,0,0
845,20230201,中京电子,1,0,0,0,0,0
846,20230201,东易日盛,1,0,0,0,0,0
847,20230201,青岛金王,1,0,0,0,0,0
848,20230201,东方锆业,1,0,0,0,0,0
849,20230201,魅视科技,1,0,0,0,0,0
850,20230201,博云新材,1,0,0,0,0,0
851,20230201,ST柏龙,1,0,0,0,0,0
852,20230201,翔鹭钨业,1,0,0,0,0,0
853,20230201,三祥新材,1,0,0,0,0,0
854,20230201,ST大集,1,0,0,0,0,0
855,20230201,天娱数科,1,0,0,0,0,0
856,20230201,沪电股份,1,0,0,0,0,0
857,20230201,中牧股份,1,0,0,0,0,0
858,20230201,南化股份,1,0,0,0,0,0
859,20230201,华斯股份,1,0,0,0,0,0
860,20230201,捷顺科技,1,0,0,0,0,0
861,20230201,青岛双星,1,0,0,0,0,0
862,20230201,*ST运盛,0,1,0,1,0,0
863,20230201,先锋电子,0,1,0,1,0,0
864,20230201,厦门信达,0,1,0,1,0,0
865,20230201,建发合诚,0,1,0,1,0,0
866,20230201,宁波富邦,0,1,0,1,0,0
867,20230201,江瀚新材,0,1,0,1,0,0
868,20230201,*ST科林,0,1,0,1,0,0
869,20230201,恒久科技,0,0,1,0,0,1
870,20230201,爱仕达,0,0,1,0,0,1
871,20230201,同为股份,0,0,1,0,0,1
872,20230201,达意隆,0,0,1,0,0,1
873,20230201,光洋股份,0,0,1,0,1,0
874,20230201,耀皮玻璃,0,0,1,0,1,0
875,20230201,*ST未来,0,0,1,0,1,0
876,20230201,成飞集成,0,0,1,0,1,0
877,20230201,ST明诚,0,0,1,0,1,0
878,20230201,汉王科技,0,0,1,0,1,0
879,20230201,福斯达,0,0,1,0,1,0
880,20230201,上海洗霸,0,0,1,0,1,0
881,20230201,川大智胜,0,0,1,0,1,0
882,20230201,智能自控,0,0,1,0,1,0
883,20230202,丸美股份,1,0,0,0,0,0
884,20230202,南兴股份,1,0,0,0,0,0
885,20230202,味知香,1,0,0,0,0,0
886,20230202,中远海科,1,0,0,0,0,0
887,20230202,瑞芯微,1,0,0,0,0,0
888,20230202,燕京啤酒,1,0,0,0,0,0
889,20230202,ST凯撒,1,0,0,0,0,0
890,20230202,海南高速,1,0,0,0,0,0
891,20230202,飞龙股份,1,0,0,0,0,0
892,20230202,皖维高新,1,0,0,0,0,0
893,20230202,金一文化,1,0,0,0,0,0
894,20230202,ST实达,1,0,0,0,0,0
895,20230202,永和智控,1,0,0,0,0,0
896,20230202,恒银科技,1,0,0,0,0,0
897,20230202,焦点科技,1,0,0,0,0,0
898,20230202,云鼎科技,1,0,0,0,0,0
899,20230202,达华智能,1,0,0,0,0,0
900,20230202,我爱我家,1,0,0,0,0,0
901,20230202,宏英智能,1,0,0,0,0,0
902,20230202,凯美特气,1,0,0,0,0,0
903,20230202,中国长城,1,0,0,0,0,0
904,20230202,千味央厨,1,0,0,0,0,0
905,20230202,德创环保,1,0,0,0,0,0
906,20230202,香飘飘,1,0,0,0,0,0
907,20230202,苏州高新,1,0,0,0,0,0
908,20230202,高乐股份,1,0,0,0,0,0
909,20230202,浙江富润,1,0,0,0,0,0
910,20230202,中葡股份,1,0,0,0,0,0
911,20230202,华塑控股,1,0,0,0,0,0
912,20230202,泰尔股份,1,0,0,0,0,0
913,20230202,地铁设计,1,0,0,0,0,0
914,20230202,步步高,1,0,0,0,0,0
915,20230202,三人行,1,0,0,0,0,0
916,20230202,*ST西源,1,0,0,0,0,0
917,20230202,东方锆业,0,1,0,1,0,0
918,20230202,翔鹭钨业,0,1,0,1,0,0
919,20230202,天马股份,0,1,0,1,0,0
920,20230202,信达证券,0,1,0,1,0,0
921,20230202,同兴达,0,1,0,1,0,0
922,20230202,同为股份,0,0,1,0,0,1
923,20230202,达意隆,0,0,1,0,0,1
924,20230202,*ST未来,0,0,1,0,0,1
925,20230202,汉王科技,0,0,1,0,0,1
926,20230202,福斯达,0,0,1,0,0,1
927,20230202,智能自控,0,0,1,0,0,1
928,20230202,先锋电子,0,0,1,0,1,0
929,20230202,江瀚新材,0,0,1,0,1,0
930,20230203,成飞集成,1,0,0,0,0,0
931,20230203,京蓝科技,1,0,0,0,0,0
932,20230203,天地在线,1,0,0,0,0,0
933,20230203,华锋股份,1,0,0,0,0,0
934,20230203,陕西金叶,1,0,0,0,0,0
935,20230203,安妮股份,1,0,0,0,0,0
936,20230203,广西广电,1,0,0,0,0,0
937,20230203,祥和实业,1,0,0,0,0,0
938,20230203,歌尔股份,1,0,0,0,0,0
939,20230203,东港股份,1,0,0,0,0,0
940,20230203,太极股份,1,0,0,0,0,0
941,20230203,倍加洁,1,0,0,0,0,0
942,20230203,中农联合,1,0,0,0,0,0
943,20230203,岭南股份,1,0,0,0,0,0
944,20230203,恒铭达,1,0,0,0,0,0
945,20230203,鼎际得,1,0,0,0,0,0
946,20230203,北玻股份,1,0,0,0,0,0
947,20230203,耀皮玻璃,1,0,0,0,0,0
948,20230203,苏州科达,1,0,0,0,0,0
949,20230203,广博股份,1,0,0,0,0,0
950,20230203,荣联科技,1,0,0,0,0,0
951,20230203,引力传媒,1,0,0,0,0,0
952,20230203,天娱数科,1,0,0,0,0,0
953,20230203,捷荣技术,1,0,0,0,0,0
954,20230203,卓翼科技,1,0,0,0,0,0
955,20230203,声迅股份,1,0,0,0,0,0
956,20230203,达华智能,0,1,0,1,0,0
957,20230203,泰尔股份,0,1,0,1,0,0
958,20230203,同为股份,0,0,1,0,0,1
959,20230203,*ST未来,0,0,1,0,0,1
960,20230203,汉王科技,0,0,1,0,0,1
961,20230203,智能自控,0,0,1,0,0,1
962,20230203,翔鹭钨业,0,0,1,0,1,0
963,20230203,天马股份,0,0,1,0,1,0
964,20230203,东方锆业,0,0,1,0,1,0
965,20230203,信达证券,0,0,1,0,1,0
966,20230206,南兴股份,1,0,0,0,0,0
967,20230206,江南化工,1,0,0,0,0,0
968,20230206,好利科技,1,0,0,0,0,0
969,20230206,济民医疗,1,0,0,0,0,0
970,20230206,汉马科技,1,0,0,0,0,0
971,20230206,*ST同洲,1,0,0,0,0,0
972,20230206,明牌珠宝,1,0,0,0,0,0
973,20230206,宇通重工,1,0,0,0,0,0
974,20230206,镇洋发展,1,0,0,0,0,0
975,20230206,三力士,1,0,0,0,0,0
976,20230206,金智科技,1,0,0,0,0,0
977,20230206,宁波建工,1,0,0,0,0,0
978,20230206,百隆东方,1,0,0,0,0,0
979,20230206,川大智胜,1,0,0,0,0,0
980,20230206,高鸿股份,1,0,0,0,0,0
981,20230206,*ST必康,1,0,0,0,0,0
982,20230206,奥特迅,1,0,0,0,0,0
983,20230206,福龙马,1,0,0,0,0,0
984,20230206,直真科技,1,0,0,0,0,0
985,20230206,ST熊猫,1,0,0,0,0,0
986,20230206,积成电子,1,0,0,0,0,0
987,20230206,路畅科技,1,0,0,0,0,0
988,20230206,华塑控股,1,0,0,0,0,0
989,20230206,赛象科技,1,0,0,0,0,0
990,20230206,东港股份,0,1,0,1,0,0
991,20230206,天娱数科,0,1,0,1,0,0
992,20230206,华锋股份,0,1,0,1,0,0
993,20230206,倍加洁,0,1,0,1,0,0
994,20230206,捷荣技术,0,1,0,1,0,0
995,20230206,广博股份,0,1,0,1,0,0
996,20230206,汉王科技,0,0,1,0,0,1
997,20230206,*ST未来,0,0,1,0,0,1
998,20230206,信达证券,0,0,1,0,0,1
999,20230207,ST美盛,1,0,0,0,0,0
1000,20230207,奥飞娱乐,1,0,0,0,0,0
1001,20230207,三花智控,1,0,0,0,0,0
1002,20230207,森源电气,1,0,0,0,0,0
1003,20230207,豪尔赛,1,0,0,0,0,0
1004,20230207,铖昌科技,1,0,0,0,0,0
1005,20230207,海兴电力,1,0,0,0,0,0
1006,20230207,视觉中国,1,0,0,0,0,0
1007,20230207,国脉科技,1,0,0,0,0,0
1008,20230207,二三四五,1,0,0,0,0,0
1009,20230207,兆威机电,1,0,0,0,0,0
1010,20230207,上海港湾,1,0,0,0,0,0
1011,20230207,通宇通讯,1,0,0,0,0,0
1012,20230207,三六零,1,0,0,0,0,0
1013,20230207,华盛昌,1,0,0,0,0,0
1014,20230207,*ST银河,1,0,0,0,0,0
1015,20230207,粤泰股份,1,0,0,0,0,0
1016,20230207,拓日新能,1,0,0,0,0,0
1017,20230207,上海洗霸,1,0,0,0,0,0
1018,20230207,鸿博股份,1,0,0,0,0,0
1019,20230207,恒立实业,1,0,0,0,0,0
1020,20230207,雷柏科技,1,0,0,0,0,0
1021,20230207,上机数控,1,0,0,0,0,0
1022,20230207,牧高笛,1,0,0,0,0,0
1023,20230207,王力安防,1,0,0,0,0,0
1024,20230207,鸣志电器,1,0,0,0,0,0
1025,20230207,卓翼科技,1,0,0,0,0,0
1026,20230207,物产金轮,1,0,0,0,0,0
1027,20230207,金龙羽,1,0,0,0,0,0
1028,20230207,福龙马,0,1,0,1,0,0
1029,20230207,*ST同洲,0,1,0,1,0,0
1030,20230207,路畅科技,0,1,0,1,0,0
1031,20230207,宇通重工,0,1,0,1,0,0
1032,20230207,*ST必康,0,1,0,1,0,0
1033,20230207,*ST未来,0,0,1,0,0,1
1034,20230207,汉王科技,0,0,1,0,0,1
1035,20230207,信达证券,0,0,1,0,0,1
1036,20230207,捷荣技术,0,0,1,0,1,0
1037,20230207,天娱数科,0,0,1,0,1,0
1038,20230207,东港股份,0,0,1,0,1,0
1039,20230207,华锋股份,0,0,1,0,1,0
1040,20230208,川润股份,1,0,0,0,0,0
1041,20230208,金时科技,1,0,0,0,0,0
1042,20230208,北京科锐,1,0,0,0,0,0
1043,20230208,豪鹏科技,1,0,0,0,0,0
1044,20230208,*ST荣华,1,0,0,0,0,0
1045,20230208,世龙实业,1,0,0,0,0,0
1046,20230208,山东墨龙,1,0,0,0,0,0
1047,20230208,新纶新材,1,0,0,0,0,0
1048,20230208,真视通,1,0,0,0,0,0
1049,20230208,天马股份,1,0,0,0,0,0
1050,20230208,星帅尔,1,0,0,0,0,0
1051,20230208,川大智胜,1,0,0,0,0,0
1052,20230208,博菲电气,1,0,0,0,0,0
1053,20230208,新朋股份,1,0,0,0,0,0
1054,20230208,万里股份,1,0,0,0,0,0
1055,20230208,东易日盛,1,0,0,0,0,0
1056,20230208,ST九有,1,0,0,0,0,0
1057,20230208,山东章鼓,1,0,0,0,0,0
1058,20230208,积成电子,1,0,0,0,0,0
1059,20230208,中恒电气,1,0,0,0,0,0
1060,20230208,英飞拓,1,0,0,0,0,0
1061,20230208,泰永长征,1,0,0,0,0,0
1062,20230208,三六零,0,1,0,1,0,0
1063,20230208,物产金轮,0,1,0,1,0,0
1064,20230208,鸿博股份,0,1,0,1,0,0
1065,20230208,金龙羽,0,1,0,1,0,0
1066,20230208,雷柏科技,0,1,0,1,0,0
1067,20230208,信达证券,0,0,1,0,0,1
1068,20230208,捷荣技术,0,0,1,0,0,1
1069,20230208,宇通重工,0,0,1,0,1,0
1070,20230208,*ST必康,0,0,1,0,1,0
1071,20230209,同庆楼,1,0,0,0,0,0
1072,20230209,百润股份,1,0,0,0,0,0
1073,20230209,浪潮信息,1,0,0,0,0,0
1074,20230209,能科科技,1,0,0,0,0,0
1075,20230209,龙洲股份,1,0,0,0,0,0
1076,20230209,亚星锚链,1,0,0,0,0,0
1077,20230209,ST宏图,1,0,0,0,0,0
1078,20230209,ST景谷,1,0,0,0,0,0
1079,20230209,华懋科技,1,0,0,0,0,0
1080,20230209,好利科技,1,0,0,0,0,0
1081,20230209,春兴精工,1,0,0,0,0,0
1082,20230209,剑桥科技,1,0,0,0,0,0
1083,20230209,天音控股,1,0,0,0,0,0
1084,20230209,哈工智能,1,0,0,0,0,0
1085,20230209,北纬科技,1,0,0,0,0,0
1086,20230209,甘咨询,1,0,0,0,0,0
1087,20230209,省广集团,1,0,0,0,0,0
1088,20230209,厦门信达,1,0,0,0,0,0
1089,20230209,黑猫股份,1,0,0,0,0,0
1090,20230209,金时科技,0,1,0,1,0,0
1091,20230209,博菲电气,0,1,0,1,0,0
1092,20230209,新朋股份,0,1,0,1,0,0
1093,20230209,宇通重工,0,0,1,0,0,1
1094,20230209,三六零,0,0,1,0,1,0
1095,20230209,鸿博股份,0,0,1,0,1,0
1096,20230209,金龙羽,0,0,1,0,1,0
1097,20230210,中广天择,1,0,0,0,0,0
1098,20230210,世荣兆业,1,0,0,0,0,0
1099,20230210,华映科技,1,0,0,0,0,0
1100,20230210,中国科传,1,0,0,0,0,0
1101,20230210,*ST顺利,1,0,0,0,0,0
1102,20230210,南网能源,1,0,0,0,0,0
1103,20230210,粤电力A,1,0,0,0,0,0
1104,20230210,合兴包装,1,0,0,0,0,0
1105,20230210,ST摩登,1,0,0,0,0,0
1106,20230210,凯文教育,1,0,0,0,0,0
1107,20230210,宝立食品,1,0,0,0,0,0
1108,20230210,茂硕电源,1,0,0,0,0,0
1109,20230210,*ST奇信,1,0,0,0,0,0
1110,20230210,光迅科技,1,0,0,0,0,0
1111,20230210,科远智慧,1,0,0,0,0,0
1112,20230210,利欧股份,1,0,0,0,0,0
1113,20230210,*ST雪发,1,0,0,0,0,0
1114,20230210,*ST宜康,1,0,0,0,0,0
1115,20230210,新乳业,1,0,0,0,0,0
1116,20230210,ST天润,1,0,0,0,0,0
1117,20230210,哈工智能,0,1,0,1,0,0
1118,20230210,ST景谷,0,1,0,1,0,0
1119,20230210,金龙羽,0,0,1,0,0,1
1120,20230210,鸿博股份,0,0,1,0,0,1
1121,20230210,金时科技,0,0,1,0,1,0
1122,20230213,浪潮信息,1,0,0,0,0,0
1123,20230213,宁夏建材,1,0,0,0,0,0
1124,20230213,杭叉集团,1,0,0,0,0,0
1125,20230213,海兴电力,1,0,0,0,0,0
1126,20230213,艾艾精工,1,0,0,0,0,0
1127,20230213,好太太,1,0,0,0,0,0
1128,20230213,*ST荣华,1,0,0,0,0,0
1129,20230213,妙可蓝多,1,0,0,0,0,0
1130,20230213,世龙实业,1,0,0,0,0,0
1131,20230213,东华科技,1,0,0,0,0,0
1132,20230213,乐惠国际,1,0,0,0,0,0
1133,20230213,利民股份,1,0,0,0,0,0
1134,20230213,德新科技,1,0,0,0,0,0
1135,20230213,深中华A,1,0,0,0,0,0
1136,20230213,威龙股份,1,0,0,0,0,0
1137,20230213,方盛制药,1,0,0,0,0,0
1138,20230213,*ST西发,1,0,0,0,0,0
1139,20230213,*ST银河,1,0,0,0,0,0
1140,20230213,黑芝麻,1,0,0,0,0,0
1141,20230213,中国海诚,1,0,0,0,0,0
1142,20230213,音飞储存,1,0,0,0,0,0
1143,20230213,金达威,1,0,0,0,0,0
1144,20230213,雄韬股份,1,0,0,0,0,0
1145,20230213,长龄液压,1,0,0,0,0,0
1146,20230213,瑞玛精密,1,0,0,0,0,0
1147,20230213,博彦科技,1,0,0,0,0,0
1148,20230213,香飘飘,1,0,0,0,0,0
1149,20230213,航天晨光,1,0,0,0,0,0
1150,20230213,潍柴重机,1,0,0,0,0,0
1151,20230213,老白干酒,1,0,0,0,0,0
1152,20230213,天娱数科,1,0,0,0,0,0
1153,20230213,锦龙股份,1,0,0,0,0,0
1154,20230213,众合科技,1,0,0,0,0,0
1155,20230213,三一重工,1,0,0,0,0,0
1156,20230213,法兰泰克,1,0,0,0,0,0
1157,20230213,青岛双星,1,0,0,0,0,0
1158,20230213,拓山重工,1,0,0,0,0,0
1159,20230213,*ST西源,1,0,0,0,0,0
1160,20230213,科远智慧,0,1,0,1,0,0
1161,20230213,ST天润,0,1,0,1,0,0
1162,20230213,茂硕电源,0,1,0,1,0,0
1163,20230213,南网能源,0,1,0,1,0,0
1164,20230213,*ST宜康,0,1,0,1,0,0
1165,20230213,新乳业,0,1,0,1,0,0
1166,20230213,鸿博股份,0,0,1,0,0,1
1167,20230213,哈工智能,0,0,1,0,1,0
1168,20230214,公元股份,1,0,0,0,0,0
1169,20230214,纳尔股份,1,0,0,0,0,0
1170,20230214,帅丰电器,1,0,0,0,0,0
1171,20230214,ST宏图,1,0,0,0,0,0
1172,20230214,*ST未来,1,0,0,0,0,0
1173,20230214,香山股份,1,0,0,0,0,0
1174,20230214,飞科电器,1,0,0,0,0,0
1175,20230214,英力特,1,0,0,0,0,0
1176,20230214,东港股份,1,0,0,0,0,0
1177,20230214,浙江美大,1,0,0,0,0,0
1178,20230214,通宇通讯,1,0,0,0,0,0
1179,20230214,亿道信息,1,0,0,0,0,0
1180,20230214,*ST瑞德,1,0,0,0,0,0
1181,20230214,世嘉科技,1,0,0,0,0,0
1182,20230214,东方电子,1,0,0,0,0,0
1183,20230214,南钢股份,1,0,0,0,0,0
1184,20230214,巨力索具,1,0,0,0,0,0
1185,20230214,五洲特纸,1,0,0,0,0,0
1186,20230214,惠达卫浴,1,0,0,0,0,0
1187,20230214,新华传媒,1,0,0,0,0,0
1188,20230214,*ST中昌,1,0,0,0,0,0
1189,20230214,金龙羽,1,0,0,0,0,0
1190,20230214,*ST西发,0,1,0,1,0,0
1191,20230214,宁夏建材,0,1,0,1,0,0
1192,20230214,金达威,0,1,0,1,0,0
1193,20230214,*ST荣华,0,1,0,1,0,0
1194,20230214,长龄液压,0,1,0,1,0,0
1195,20230214,*ST西源,0,1,0,1,0,0
1196,20230214,ST天润,0,0,1,0,1,0
1197,20230215,华胜天成,1,0,0,0,0,0
1198,20230215,人民网,1,0,0,0,0,0
1199,20230215,浪潮信息,1,0,0,0,0,0
1200,20230215,华映科技,1,0,0,0,0,0
1201,20230215,乾景园林,1,0,0,0,0,0
1202,20230215,永安行,1,0,0,0,0,0
1203,20230215,海洋王,1,0,0,0,0,0
1204,20230215,和远气体,1,0,0,0,0,0
1205,20230215,梦网科技,1,0,0,0,0,0
1206,20230215,华建集团,1,0,0,0,0,0
1207,20230215,神州数码,1,0,0,0,0,0
1208,20230215,威创股份,1,0,0,0,0,0
1209,20230215,*ST奇信,1,0,0,0,0,0
1210,20230215,深圳新星,1,0,0,0,0,0
1211,20230215,*ST辅仁,1,0,0,0,0,0
1212,20230215,万马股份,1,0,0,0,0,0
1213,20230215,昊华科技,1,0,0,0,0,0
1214,20230215,天音控股,1,0,0,0,0,0
1215,20230215,智微智能,1,0,0,0,0,0
1216,20230215,三六零,1,0,0,0,0,0
1217,20230215,彩虹股份,1,0,0,0,0,0
1218,20230215,鸿博股份,1,0,0,0,0,0
1219,20230215,ST九有,1,0,0,0,0,0
1220,20230215,智能自控,1,0,0,0,0,0
1221,20230215,*ST新海,1,0,0,0,0,0
1222,20230215,通润装备,1,0,0,0,0,0
1223,20230215,惠程科技,1,0,0,0,0,0
1224,20230215,中新赛克,1,0,0,0,0,0
1225,20230215,锐明技术,1,0,0,0,0,0
1226,20230215,航天动力,1,0,0,0,0,0
1227,20230215,英力特,0,1,0,1,0,0
1228,20230215,东港股份,0,1,0,1,0,0
1229,20230215,新华传媒,0,1,0,1,0,0
1230,20230215,*ST未来,0,1,0,1,0,0
1231,20230215,香山股份,0,1,0,1,0,0
1232,20230215,通宇通讯,0,1,0,1,0,0
1233,20230215,亿道信息,0,1,0,1,0,0
1234,20230215,*ST瑞德,0,1,0,1,0,0
1235,20230215,*ST西源,0,0,1,0,1,0
1236,20230215,*ST荣华,0,0,1,0,1,0
1237,20230215,宁夏建材,0,0,1,0,1,0
1238,20230216,北特科技,1,0,0,0,0,0
1239,20230216,大豪科技,1,0,0,0,0,0
1240,20230216,扬州金泉,1,0,0,0,0,0
1241,20230216,特一药业,1,0,0,0,0,0
1242,20230216,英特集团,1,0,0,0,0,0
1243,20230216,坤泰股份,1,0,0,0,0,0
1244,20230216,普邦股份,1,0,0,0,0,0
1245,20230216,ST曙光,1,0,0,0,0,0
1246,20230216,贵州三力,1,0,0,0,0,0
1247,20230216,物产金轮,1,0,0,0,0,0
1248,20230216,罗牛山,1,0,0,0,0,0
1249,20230216,凯撒文化,1,0,0,0,0,0
1250,20230216,金桥信息,1,0,0,0,0,0
1251,20230216,海航科技,1,0,0,0,0,0
1252,20230216,力盛体育,1,0,0,0,0,0
1253,20230216,智微智能,0,1,0,1,0,0
1254,20230216,惠程科技,0,1,0,1,0,0
1255,20230216,锐明技术,0,1,0,1,0,0
1256,20230216,*ST西源,0,0,1,0,0,1
1257,20230216,宁夏建材,0,0,1,0,0,1
1258,20230216,*ST瑞德,0,0,1,0,1,0
1259,20230216,*ST未来,0,0,1,0,1,0
1260,20230216,亿道信息,0,0,1,0,1,0
1261,20230217,华胜天成,1,0,0,0,0,0
1262,20230217,亚通精工,1,0,0,0,0,0
1263,20230217,飞科电器,1,0,0,0,0,0
1264,20230217,阳煤化工,1,0,0,0,0,0
1265,20230217,神奇制药,1,0,0,0,0,0
1266,20230217,大胜达,1,0,0,0,0,0
1267,20230217,ST东洋,1,0,0,0,0,0
1268,20230217,元隆雅图,1,0,0,0,0,0
1269,20230217,丽人丽妆,1,0,0,0,0,0
1270,20230217,锦泓集团,1,0,0,0,0,0
1271,20230217,*ST奇信,1,0,0,0,0,0
1272,20230217,利仁科技,1,0,0,0,0,0
1273,20230217,*ST西发,1,0,0,0,0,0
1274,20230217,华光环能,1,0,0,0,0,0
1275,20230217,亿利达,1,0,0,0,0,0
1276,20230217,长航凤凰,1,0,0,0,0,0
1277,20230217,航天晨光,1,0,0,0,0,0
1278,20230217,*ST中昌,1,0,0,0,0,0
1279,20230217,智能自控,1,0,0,0,0,0
1280,20230217,长城军工,1,0,0,0,0,0
1281,20230217,青岛双星,1,0,0,0,0,0
1282,20230217,新华制药,1,0,0,0,0,0
1283,20230217,麦趣尔,1,0,0,0,0,0
1284,20230217,ST目药,1,0,0,0,0,0
1285,20230217,凯撒文化,0,1,0,1,0,0
1286,20230217,扬州金泉,0,1,0,1,0,0
1287,20230217,坤泰股份,0,1,0,1,0,0
1288,20230217,特一药业,0,1,0,1,0,0
1289,20230217,*ST西源,0,0,1,0,0,1
1290,20230217,*ST未来,0,0,1,0,0,1
1291,20230217,锐明技术,0,0,1,0,1,0
1292,20230217,智微智能,0,0,1,0,1,0
1293,20230220,天地在线,1,0,0,0,0,0
1294,20230220,顺鑫农业,1,0,0,0,0,0
1295,20230220,香山股份,1,0,0,0,0,0
1296,20230220,好太太,1,0,0,0,0,0
1297,20230220,泰晶科技,1,0,0,0,0,0
1298,20230220,拓山重工,1,0,0,0,0,0
1299,20230220,通富微电,1,0,0,0,0,0
1300,20230220,神州数码,1,0,0,0,0,0
1301,20230220,鸿合科技,1,0,0,0,0,0
1302,20230220,华正新材,1,0,0,0,0,0
1303,20230220,*ST瑞德,1,0,0,0,0,0
1304,20230220,三六零,1,0,0,0,0,0
1305,20230220,恒为科技,1,0,0,0,0,0
1306,20230220,威孚高科,1,0,0,0,0,0
1307,20230220,振华重工,1,0,0,0,0,0
1308,20230220,湘财股份,1,0,0,0,0,0
1309,20230220,诺力股份,1,0,0,0,0,0
1310,20230220,天山铝业,1,0,0,0,0,0
1311,20230220,中国电信,1,0,0,0,0,0
1312,20230220,金牌厨柜,1,0,0,0,0,0
1313,20230220,天润工业,1,0,0,0,0,0
1314,20230220,健民集团,1,0,0,0,0,0
1315,20230220,小商品城,1,0,0,0,0,0
1316,20230220,网达软件,1,0,0,0,0,0
1317,20230220,东易日盛,1,0,0,0,0,0
1318,20230220,奥拓电子,1,0,0,0,0,0
1319,20230220,徐工机械,1,0,0,0,0,0
1320,20230220,佛慈制药,1,0,0,0,0,0
1321,20230220,索菲亚,1,0,0,0,0,0
1322,20230220,苏博特,1,0,0,0,0,0
1323,20230220,新华网,1,0,0,0,0,0
1324,20230220,箭牌家居,1,0,0,0,0,0
1325,20230220,拓维信息,1,0,0,0,0,0
1326,20230220,恺英网络,1,0,0,0,0,0
1327,20230220,老板电器,1,0,0,0,0,0
1328,20230220,元隆雅图,0,1,0,1,0,0
1329,20230220,麦趣尔,0,1,0,1,0,0
1330,20230220,ST东洋,0,1,0,1,0,0
1331,20230220,*ST中昌,0,1,0,1,0,0
1332,20230220,坤泰股份,0,0,1,0,1,0
1333,20230220,扬州金泉,0,0,1,0,1,0
1334,20230221,英飞拓,1,0,0,0,0,0
1335,20230221,光大嘉宝,1,0,0,0,0,0
1336,20230221,白银有色,1,0,0,0,0,0
1337,20230221,ST明诚,1,0,0,0,0,0
1338,20230221,龙建股份,1,0,0,0,0,0
1339,20230221,亚泰集团,1,0,0,0,0,0
1340,20230221,复旦复华,1,0,0,0,0,0
1341,20230221,湘油泵,1,0,0,0,0,0
1342,20230221,天际股份,1,0,0,0,0,0
1343,20230221,ST国安,1,0,0,0,0,0
1344,20230221,行动教育,1,0,0,0,0,0
1345,20230221,晋拓股份,1,0,0,0,0,0
1346,20230221,恒宝股份,1,0,0,0,0,0
1347,20230221,雷科防务,1,0,0,0,0,0
1348,20230221,冀东装备,1,0,0,0,0,0
1349,20230221,威孚高科,0,1,0,1,0,0
1350,20230221,东易日盛,0,1,0,1,0,0
1351,20230221,*ST瑞德,0,1,0,1,0,0
1352,20230221,坤泰股份,0,0,1,0,0,1
1353,20230221,扬州金泉,0,0,1,0,0,1
1354,20230222,铖昌科技,1,0,0,0,0,0
1355,20230222,和泰机电,1,0,0,0,0,0
1356,20230222,首航高科,1,0,0,0,0,0
1357,20230222,太极股份,1,0,0,0,0,0
1358,20230222,*ST同洲,1,0,0,0,0,0
1359,20230222,普天科技,1,0,0,0,0,0
1360,20230222,多伦科技,1,0,0,0,0,0
1361,20230222,弘亚数控,1,0,0,0,0,0
1362,20230222,ST中捷,1,0,0,0,0,0
1363,20230222,东方中科,1,0,0,0,0,0
1364,20230222,中国卫星,1,0,0,0,0,0
1365,20230222,黑芝麻,1,0,0,0,0,0
1366,20230222,创新医疗,1,0,0,0,0,0
1367,20230222,三变科技,1,0,0,0,0,0
1368,20230222,云赛智联,1,0,0,0,0,0
1369,20230222,朗博科技,1,0,0,0,0,0
1370,20230222,五洲特纸,1,0,0,0,0,0
1371,20230222,协和电子,1,0,0,0,0,0
1372,20230222,海马汽车,1,0,0,0,0,0
1373,20230222,鸿博股份,1,0,0,0,0,0
1374,20230222,奥拓电子,1,0,0,0,0,0
1375,20230222,积成电子,1,0,0,0,0,0
1376,20230222,*ST新海,1,0,0,0,0,0
1377,20230222,麦趣尔,1,0,0,0,0,0
1378,20230222,晋拓股份,0,1,0,1,0,0
1379,20230222,*ST瑞德,0,0,1,0,1,0
1380,20230222,坤泰股份,0,0,1,0,0,1
1381,20230222,扬州金泉,0,0,1,0,0,1
1382,20230222,东易日盛,0,0,1,0,1,0
1383,20230223,ST明诚,1,0,0,0,0,0
1384,20230223,石英股份,1,0,0,0,0,0
1385,20230223,钧达股份,1,0,0,0,0,0
1386,20230223,合力科技,1,0,0,0,0,0
1387,20230223,湘财股份,1,0,0,0,0,0
1388,20230223,冀凯股份,1,0,0,0,0,0
1389,20230223,岱美股份,1,0,0,0,0,0
1390,20230223,神通科技,1,0,0,0,0,0
1391,20230223,深粮控股,1,0,0,0,0,0
1392,20230223,大东方,1,0,0,0,0,0
1393,20230223,万安科技,1,0,0,0,0,0
1394,20230223,华丰股份,1,0,0,0,0,0
1395,20230223,思进智能,1,0,0,0,0,0
1396,20230223,铭科精技,1,0,0,0,0,0
1397,20230223,惠天热电,1,0,0,0,0,0
1398,20230223,奋达科技,1,0,0,0,0,0
1399,20230223,三变科技,0,1,0,1,0,0
1400,20230223,多伦科技,0,1,0,1,0,0
1401,20230223,*ST新海,0,1,0,1,0,0
1402,20230223,*ST瑞德,0,0,1,0,0,1
1403,20230223,坤泰股份,0,0,1,0,0,1
1404,20230223,扬州金泉,0,0,1,0,0,1
1405,20230223,晋拓股份,0,0,1,0,1,0
1406,20230224,园城黄金,1,0,0,0,0,0
1407,20230224,申科股份,1,0,0,0,0,0
1408,20230224,联翔股份,1,0,0,0,0,0
1409,20230224,南华期货,1,0,0,0,0,0
1410,20230224,牧高笛,1,0,0,0,0,0
1411,20230224,拓维信息,1,0,0,0,0,0
1412,20230224,江苏华辰,1,0,0,0,0,0
1413,20230224,剑桥科技,1,0,0,0,0,0
1414,20230224,九牧王,1,0,0,0,0,0
1415,20230224,网达软件,1,0,0,0,0,0
1416,20230224,华金资本,1,0,0,0,0,0
1417,20230224,*ST宜康,1,0,0,0,0,0
1418,20230224,证通电子,1,0,0,0,0,0
1419,20230224,ST林重,1,0,0,0,0,0
1420,20230224,ST明诚,0,1,0,1,0,0
1421,20230224,*ST瑞德,0,0,1,0,0,1
1422,20230224,坤泰股份,0,0,1,0,0,1
1423,20230224,晋拓股份,0,0,1,0,0,1
1424,20230224,三变科技,0,0,1,0,1,0
1425,20230227,华脉科技,1,0,0,0,0,0
1426,20230227,北京科锐,1,0,0,0,0,0
1427,20230227,ST交投,1,0,0,0,0,0
1428,20230227,多利科技,1,0,0,0,0,0
1429,20230227,佳禾食品,1,0,0,0,0,0
1430,20230227,*ST深南,1,0,0,0,0,0
1431,20230227,云南锗业,1,0,0,0,0,0
1432,20230227,云中马,1,0,0,0,0,0
1433,20230227,上海沪工,1,0,0,0,0,0
1434,20230227,三美股份,1,0,0,0,0,0
1435,20230227,远东股份,1,0,0,0,0,0
1436,20230227,云图控股,1,0,0,0,0,0
1437,20230227,众合科技,1,0,0,0,0,0
1438,20230227,科林电气,1,0,0,0,0,0
1439,20230227,海鸥股份,1,0,0,0,0,0
1440,20230227,捷顺科技,1,0,0,0,0,0
1441,20230227,美达股份,1,0,0,0,0,0
1442,20230227,欣贺股份,1,0,0,0,0,0
1443,20230227,丰元股份,1,0,0,0,0,0
1444,20230227,九牧王,0,1,0,1,0,0
1445,20230227,*ST瑞德,0,0,1,0,0,1
1446,20230227,ST明诚,0,0,1,0,1,0
1447,20230228,建发合诚,1,0,0,0,0,0
1448,20230228,ST爱迪尔,1,0,0,0,0,0
1449,20230228,骏亚科技,1,0,0,0,0,0
1450,20230228,中通国脉,1,0,0,0,0,0
1451,20230228,ST榕泰,1,0,0,0,0,0
1452,20230228,特一药业,1,0,0,0,0,0
1453,20230228,ST起步,1,0,0,0,0,0
1454,20230228,金陵药业,1,0,0,0,0,0
1455,20230228,山东华鹏,1,0,0,0,0,0
1456,20230228,蓝光发展,1,0,0,0,0,0
1457,20230228,海思科,1,0,0,0,0,0
1458,20230228,如意集团,1,0,0,0,0,0
1459,20230228,ST金鸿,1,0,0,0,0,0
1460,20230228,九芝堂,1,0,0,0,0,0
1461,20230228,皖通科技,1,0,0,0,0,0
1462,20230228,*ST必康,1,0,0,0,0,0
1463,20230228,恒久科技,1,0,0,0,0,0
1464,20230228,ST九有,1,0,0,0,0,0
1465,20230228,ST宏达,1,0,0,0,0,0
1466,20230228,*ST中昌,1,0,0,0,0,0
1467,20230228,*ST新海,1,0,0,0,0,0
1468,20230228,立方制药,1,0,0,0,0,0
1469,20230228,城地香江,1,0,0,0,0,0
1470,20230228,英飞拓,1,0,0,0,0,0
1471,20230228,宏和科技,1,0,0,0,0,0
1472,20230228,华脉科技,0,1,0,1,0,0
1473,20230228,众合科技,0,1,0,1,0,0
1474,20230228,*ST深南,0,1,0,1,0,0
1475,20230228,ST交投,0,1,0,1,0,0
1476,20230228,多利科技,0,1,0,1,0,0
1477,20230228,欣贺股份,0,1,0,1,0,0
1478,20230228,*ST瑞德,0,0,1,0,0,1
1479,20230228,九牧王,0,0,1,0,1,0
1480,20230301,海南瑞泽,1,0,0,0,0,0
1481,20230301,汉王科技,1,0,0,0,0,0
1482,20230301,南兴股份,1,0,0,0,0,0
1483,20230301,*ST大通,1,0,0,0,0,0
1484,20230301,阿科力,1,0,0,0,0,0
1485,20230301,中远海科,1,0,0,0,0,0
1486,20230301,ST宏图,1,0,0,0,0,0
1487,20230301,西部矿业,1,0,0,0,0,0
1488,20230301,新里程,1,0,0,0,0,0
1489,20230301,电科网安,1,0,0,0,0,0
1490,20230301,瑞斯康达,1,0,0,0,0,0
1491,20230301,中衡设计,1,0,0,0,0,0
1492,20230301,*ST方科,1,0,0,0,0,0
1493,20230301,*ST奇信,1,0,0,0,0,0
1494,20230301,*ST辅仁,1,0,0,0,0,0
1495,20230301,嘉环科技,1,0,0,0,0,0
1496,20230301,中国联通,1,0,0,0,0,0
1497,20230301,ST高升,1,0,0,0,0,0
1498,20230301,网达软件,1,0,0,0,0,0
1499,20230301,深桑达A,1,0,0,0,0,0
1500,20230301,苏州科达,1,0,0,0,0,0
1501,20230301,博彦科技,1,0,0,0,0,0
1502,20230301,德生科技,1,0,0,0,0,0
1503,20230301,魅视科技,1,0,0,0,0,0
1504,20230301,ST天成,1,0,0,0,0,0
1505,20230301,元成股份,1,0,0,0,0,0
1506,20230301,*ST亚联,1,0,0,0,0,0
1507,20230301,金桥信息,1,0,0,0,0,0
1508,20230301,用友网络,1,0,0,0,0,0
1509,20230301,*ST中昌,0,1,0,1,0,0
1510,20230301,*ST新海,0,1,0,1,0,0
1511,20230301,ST爱迪尔,0,1,0,1,0,0
1512,20230301,中通国脉,0,1,0,1,0,0
1513,20230301,恒久科技,0,1,0,1,0,0
1514,20230301,*ST瑞德,0,0,1,0,0,1
1515,20230301,九牧王,0,0,1,0,0,1
1516,20230301,华脉科技,0,0,1,0,1,0
1517,20230301,ST交投,0,0,1,0,1,0
1518,20230302,蒙娜丽莎,1,0,0,0,0,0
1519,20230302,国脉科技,1,0,0,0,0,0
1520,20230302,奥康国际,1,0,0,0,0,0
1521,20230302,同为股份,1,0,0,0,0,0
1522,20230302,沃特股份,1,0,0,0,0,0
1523,20230302,普路通,1,0,0,0,0,0
1524,20230302,中公高科,1,0,0,0,0,0
1525,20230302,ST鹏博士,1,0,0,0,0,0
1526,20230302,奥赛康,1,0,0,0,0,0
1527,20230302,三和管桩,1,0,0,0,0,0
1528,20230302,日出东方,1,0,0,0,0,0
1529,20230302,大元泵业,1,0,0,0,0,0
1530,20230302,青山纸业,1,0,0,0,0,0
1531,20230302,香飘飘,1,0,0,0,0,0
1532,20230302,中国卫通,1,0,0,0,0,0
1533,20230302,ST明诚,1,0,0,0,0,0
1534,20230302,新华网,1,0,0,0,0,0
1535,20230302,美达股份,1,0,0,0,0,0
1536,20230302,欣贺股份,1,0,0,0,0,0
1537,20230302,ST天成,0,1,0,1,0,0
1538,20230302,魅视科技,0,1,0,1,0,0
1539,20230302,苏州科达,0,1,0,1,0,0
1540,20230302,*ST瑞德,0,0,1,0,0,1
1541,20230302,九牧王,0,0,1,0,0,1
1542,20230302,华脉科技,0,0,1,0,0,1
1543,20230302,*ST新海,0,0,1,0,1,0
1544,20230302,恒久科技,0,0,1,0,1,0
1545,20230303,中船科技,1,0,0,0,0,0
1546,20230303,金海通,1,0,0,0,0,0
1547,20230303,*ST未来,1,0,0,0,0,0
1548,20230303,ST金正,1,0,0,0,0,0
1549,20230303,工业富联,1,0,0,0,0,0
1550,20230303,ST爱迪尔,1,0,0,0,0,0
1551,20230303,中成股份,1,0,0,0,0,0
1552,20230303,联翔股份,1,0,0,0,0,0
1553,20230303,好利科技,1,0,0,0,0,0
1554,20230303,美格智能,1,0,0,0,0,0
1555,20230303,通富微电,1,0,0,0,0,0
1556,20230303,*ST深南,1,0,0,0,0,0
1557,20230303,*ST辅仁,1,0,0,0,0,0
1558,20230303,远东传动,1,0,0,0,0,0
1559,20230303,康强电子,1,0,0,0,0,0
1560,20230303,亚翔集成,1,0,0,0,0,0
1561,20230303,瑞泰科技,1,0,0,0,0,0
1562,20230303,蓝科高新,1,0,0,0,0,0
1563,20230303,*ST中安,1,0,0,0,0,0
1564,20230303,人人乐,1,0,0,0,0,0
1565,20230303,朗博科技,1,0,0,0,0,0
1566,20230303,ST大集,1,0,0,0,0,0
1567,20230303,四川黄金,1,0,0,0,0,0
1568,20230303,ST泰禾,1,0,0,0,0,0
1569,20230303,中公高科,0,1,0,1,0,0
1570,20230303,*ST瑞德,0,0,1,0,0,1
1571,20230303,华脉科技,0,0,1,0,0,1
1572,20230303,*ST新海,0,0,1,0,0,1
1573,20230306,欧晶科技,1,0,0,0,0,0
1574,20230306,新炬网络,1,0,0,0,0,0
1575,20230306,世嘉科技,1,0,0,0,0,0
1576,20230306,中材节能,1,0,0,0,0,0
1577,20230306,*ST亚联,1,0,0,0,0,0
1578,20230306,中光学,1,0,0,0,0,0
1579,20230306,中国卫通,1,0,0,0,0,0
1580,20230306,盛路通信,1,0,0,0,0,0
1581,20230306,ST东洋,1,0,0,0,0,0
1582,20230306,*ST同洲,1,0,0,0,0,0
1583,20230306,润达医疗,1,0,0,0,0,0
1584,20230306,ST宏图,1,0,0,0,0,0
1585,20230306,天下秀,1,0,0,0,0,0
1586,20230306,中文传媒,1,0,0,0,0,0
1587,20230306,奥士康,1,0,0,0,0,0
1588,20230306,*ST奇信,1,0,0,0,0,0
1589,20230306,姚记科技,1,0,0,0,0,0
1590,20230306,ST三圣,1,0,0,0,0,0
1591,20230306,中船科技,0,1,0,1,0,0
1592,20230306,金海通,0,1,0,1,0,0
1593,20230306,四川黄金,0,1,0,1,0,0
1594,20230306,*ST深南,0,1,0,1,0,0
1595,20230306,*ST未来,0,1,0,1,0,0
1596,20230306,ST爱迪尔,0,1,0,1,0,0
1597,20230306,人人乐,0,1,0,1,0,0
1598,20230306,*ST辅仁,0,1,0,1,0,0
1599,20230306,*ST瑞德,0,0,1,0,0,1
1600,20230306,*ST新海,0,0,1,0,0,1
1601,20230306,中公高科,0,0,1,0,1,0
1602,20230307,三和管桩,1,0,0,0,0,0
1603,20230307,嘉友国际,1,0,0,0,0,0
1604,20230307,海螺新材,1,0,0,0,0,0
1605,20230307,ST德豪,1,0,0,0,0,0
1606,20230307,ST弘高,1,0,0,0,0,0
1607,20230307,同达创业,1,0,0,0,0,0
1608,20230307,大博医疗,1,0,0,0,0,0
1609,20230307,瑞和股份,1,0,0,0,0,0
1610,20230307,蓝科高新,1,0,0,0,0,0
1611,20230307,中设股份,1,0,0,0,0,0
1612,20230307,三变科技,1,0,0,0,0,0
1613,20230307,播恩集团,1,0,0,0,0,0
1614,20230307,ST花王,1,0,0,0,0,0
1615,20230307,海越能源,1,0,0,0,0,0
1616,20230307,新里程,1,0,0,0,0,0
1617,20230307,ST商城,1,0,0,0,0,0
1618,20230307,*ST宜康,1,0,0,0,0,0
1619,20230307,东风汽车,1,0,0,0,0,0
1620,20230307,ST宏图,0,1,0,1,0,0
1621,20230307,新炬网络,0,1,0,1,0,0
1622,20230307,世嘉科技,0,1,0,1,0,0
1623,20230307,*ST奇信,0,1,0,1,0,0
1624,20230307,*ST瑞德,0,0,1,0,0,1
1625,20230307,*ST新海,0,0,1,0,0,1
1626,20230307,中公高科,0,0,1,0,0,1
1627,20230307,*ST辅仁,0,0,1,0,1,0
1628,20230307,金海通,0,0,1,0,1,0
1629,20230307,*ST深南,0,0,1,0,1,0
1630,20230307,四川黄金,0,0,1,0,1,0
1631,20230308,南兴股份,1,0,0,0,0,0
1632,20230308,五方光电,1,0,0,0,0,0
1633,20230308,ST海投,1,0,0,0,0,0
1634,20230308,ST爱迪尔,1,0,0,0,0,0
1635,20230308,安妮股份,1,0,0,0,0,0
1636,20230308,湘邮科技,1,0,0,0,0,0
1637,20230308,三维通信,1,0,0,0,0,0
1638,20230308,中旗新材,1,0,0,0,0,0
1639,20230308,澳弘电子,1,0,0,0,0,0
1640,20230308,*ST同洲,1,0,0,0,0,0
1641,20230308,*ST银河,1,0,0,0,0,0
1642,20230308,*ST易尚,1,0,0,0,0,0
1643,20230308,上海电影,1,0,0,0,0,0
1644,20230308,欧克科技,1,0,0,0,0,0
1645,20230308,江南水务,1,0,0,0,0,0
1646,20230308,ST宏达,1,0,0,0,0,0
1647,20230308,三晖电气,1,0,0,0,0,0
1648,20230308,*ST中昌,1,0,0,0,0,0
1649,20230308,佳力图,1,0,0,0,0,0
1650,20230308,ST天润,1,0,0,0,0,0
1651,20230308,ST泰禾,1,0,0,0,0,0
1652,20230308,*ST大通,1,0,0,0,0,0
1653,20230308,一彬科技,1,0,0,0,0,0
1654,20230308,播恩集团,0,1,0,1,0,0
1655,20230308,ST商城,0,1,0,1,0,0
1656,20230308,*ST宜康,0,1,0,1,0,0
1657,20230308,ST花王,0,1,0,1,0,0
1658,20230308,*ST新海,0,0,1,0,0,1
1659,20230308,*ST辅仁,0,0,1,0,0,1
1660,20230308,金海通,0,0,1,0,0,1
1661,20230308,*ST深南,0,0,1,0,0,1
1662,20230308,四川黄金,0,0,1,0,0,1
1663,20230308,新炬网络,0,0,1,0,1,0
1664,20230308,世嘉科技,0,0,1,0,1,0
1665,20230308,*ST奇信,0,0,1,0,1,0
1666,20230309,张江高科,1,0,0,0,0,0
1667,20230309,中国卫通,1,0,0,0,0,0
1668,20230309,珠江股份,1,0,0,0,0,0
1669,20230309,永和智控,1,0,0,0,0,0
1670,20230309,紫光股份,1,0,0,0,0,0
1671,20230309,百利电气,1,0,0,0,0,0
1672,20230309,*ST未来,1,0,0,0,0,0
1673,20230309,中公高科,1,0,0,0,0,0
1674,20230309,*ST尤夫,1,0,0,0,0,0
1675,20230309,法尔胜,1,0,0,0,0,0
1676,20230309,欢瑞世纪,1,0,0,0,0,0
1677,20230309,ST鹏博士,1,0,0,0,0,0
1678,20230309,永鼎股份,1,0,0,0,0,0
1679,20230309,彤程新材,1,0,0,0,0,0
1680,20230309,上海电影,0,1,0,1,0,0
1681,20230309,一彬科技,0,1,0,1,0,0
1682,20230309,澳弘电子,0,1,0,1,0,0
1683,20230309,*ST新海,0,0,1,0,0,1
1684,20230309,*ST辅仁,0,0,1,0,0,1
1685,20230309,金海通,0,0,1,0,0,1
1686,20230309,*ST深南,0,0,1,0,0,1
1687,20230309,四川黄金,0,0,1,0,0,1
1688,20230309,*ST奇信,0,0,1,0,0,1
1689,20230309,播恩集团,0,0,1,0,1,0
1690,20230309,ST花王,0,0,1,0,1,0
1691,20230310,龙宇股份,1,0,0,0,0,0
1692,20230310,漫步者,1,0,0,0,0,0
1693,20230310,ST德豪,1,0,0,0,0,0
1694,20230310,宝地矿业,1,0,0,0,0,0
1695,20230310,润达医疗,1,0,0,0,0,0
1696,20230310,ST宏图,1,0,0,0,0,0
1697,20230310,*ST同洲,1,0,0,0,0,0
1698,20230310,中国中期,1,0,0,0,0,0
1699,20230310,奥普光电,1,0,0,0,0,0
1700,20230310,圣晖集成,1,0,0,0,0,0
1701,20230310,深天马A,1,0,0,0,0,0
1702,20230310,亿帆医药,1,0,0,0,0,0
1703,20230310,恒久科技,1,0,0,0,0,0
1704,20230310,苏州科达,1,0,0,0,0,0
1705,20230310,淳中科技,1,0,0,0,0,0
1706,20230310,*ST未来,0,1,0,1,0,0
1707,20230310,法尔胜,0,1,0,1,0,0
1708,20230310,百利电气,0,1,0,1,0,0
1709,20230310,*ST深南,0,0,1,0,0,1
1710,20230310,四川黄金,0,0,1,0,0,1
1711,20230310,播恩集团,0,0,1,0,0,1
1712,20230310,ST花王,0,0,1,0,0,1
1713,20230310,一彬科技,0,0,1,0,1,0
1714,20230313,贝肯能源,1,0,0,0,0,0
1715,20230313,金海通,1,0,0,0,0,0
1716,20230313,千方科技,1,0,0,0,0,0
1717,20230313,翔港科技,1,0,0,0,0,0
1718,20230313,天地源,1,0,0,0,0,0
1719,20230313,返利科技,1,0,0,0,0,0
1720,20230313,ST榕泰,1,0,0,0,0,0
1721,20230313,久远银海,1,0,0,0,0,0
1722,20230313,上海建科,1,0,0,0,0,0
1723,20230313,新五丰,1,0,0,0,0,0
1724,20230313,葵花药业,1,0,0,0,0,0
1725,20230313,通达创智,1,0,0,0,0,0
1726,20230313,北方国际,1,0,0,0,0,0
1727,20230313,*ST瑞德,1,0,0,0,0,0
1728,20230313,方盛制药,1,0,0,0,0,0
1729,20230313,三羊马,1,0,0,0,0,0
1730,20230313,中岩大地,1,0,0,0,0,0
1731,20230313,勤上股份,1,0,0,0,0,0
1732,20230313,特发信息,1,0,0,0,0,0
1733,20230313,朗博科技,1,0,0,0,0,0
1734,20230313,深桑达A,1,0,0,0,0,0
1735,20230313,ST泛微,1,0,0,0,0,0
1736,20230313,科安达,1,0,0,0,0,0
1737,20230313,中国卫通,1,0,0,0,0,0
1738,20230313,中油资本,1,0,0,0,0,0
1739,20230313,中国移动,1,0,0,0,0,0
1740,20230313,捷顺科技,1,0,0,0,0,0
1741,20230313,数据港,1,0,0,0,0,0
1742,20230313,欣贺股份,1,0,0,0,0,0
1743,20230313,用友网络,1,0,0,0,0,0
1744,20230313,宝地矿业,0,1,0,1,0,0
1745,20230313,四川黄金,0,0,1,0,0,1
1746,20230313,播恩集团,0,0,1,0,0,1
1747,20230313,ST花王,0,0,1,0,0,1
1748,20230313,法尔胜,0,0,1,0,1,0
1749,20230314,康强电子,1,0,0,0,0,0
1750,20230314,晶方科技,1,0,0,0,0,0
1751,20230314,中润资源,1,0,0,0,0,0
1752,20230314,顺控发展,1,0,0,0,0,0
1753,20230314,*ST中昌,1,0,0,0,0,0
1754,20230314,ST明诚,1,0,0,0,0,0
1755,20230314,ST曙光,1,0,0,0,0,0
1756,20230314,烽火电子,1,0,0,0,0,0
1757,20230314,万通发展,1,0,0,0,0,0
1758,20230314,华亚智能,1,0,0,0,0,0
1759,20230314,东方嘉盛,1,0,0,0,0,0
1760,20230314,*ST大通,1,0,0,0,0,0
1761,20230314,浪潮软件,1,0,0,0,0,0
1762,20230314,好上好,1,0,0,0,0,0
1763,20230314,中岩大地,0,1,0,1,0,0
1764,20230314,上海建科,0,1,0,1,0,0
1765,20230314,新五丰,0,1,0,1,0,0
1766,20230314,返利科技,0,1,0,1,0,0
1767,20230314,*ST瑞德,0,1,0,1,0,0
1768,20230314,四川黄金,0,0,1,0,0,1
1769,20230314,播恩集团,0,0,1,0,0,1
1770,20230314,法尔胜,0,0,1,0,0,1
1771,20230314,宝地矿业,0,0,1,0,1,0
1772,20230315,长缆科技,1,0,0,0,0,0
1773,20230315,芯瑞达,1,0,0,0,0,0
1774,20230315,三星新材,1,0,0,0,0,0
1775,20230315,哈空调,1,0,0,0,0,0
1776,20230315,*ST未来,1,0,0,0,0,0
1777,20230315,ST交投,1,0,0,0,0,0
1778,20230315,ST爱迪尔,1,0,0,0,0,0
1779,20230315,齐心集团,1,0,0,0,0,0
1780,20230315,张江高科,1,0,0,0,0,0
1781,20230315,中油工程,1,0,0,0,0,0
1782,20230315,ST东洋,1,0,0,0,0,0
1783,20230315,渤海化学,1,0,0,0,0,0
1784,20230315,中铝国际,1,0,0,0,0,0
1785,20230315,中国西电,1,0,0,0,0,0
1786,20230315,纽威股份,1,0,0,0,0,0
1787,20230315,亚光股份,1,0,0,0,0,0
1788,20230315,北方国际,1,0,0,0,0,0
1789,20230315,盘龙药业,1,0,0,0,0,0
1790,20230315,华电重工,1,0,0,0,0,0
1791,20230315,海信家电,1,0,0,0,0,0
1792,20230315,宝鼎科技,1,0,0,0,0,0
1793,20230315,弘业期货,1,0,0,0,0,0
1794,20230315,兰石重装,1,0,0,0,0,0
1795,20230315,九芝堂,1,0,0,0,0,0
1796,20230315,国统股份,1,0,0,0,0,0
1797,20230315,ST天成,1,0,0,0,0,0
1798,20230315,华源控股,1,0,0,0,0,0
1799,20230315,风神股份,1,0,0,0,0,0
1800,20230315,元成股份,1,0,0,0,0,0
1801,20230315,ST花王,1,0,0,0,0,0
1802,20230315,新疆交建,1,0,0,0,0,0
1803,20230315,ST明诚,0,1,0,1,0,0
1804,20230315,ST曙光,0,1,0,1,0,0
1805,20230315,中润资源,0,1,0,1,0,0
1806,20230315,四川黄金,0,0,1,0,0,1
1807,20230315,宝地矿业,0,0,1,0,0,1
1808,20230315,上海建科,0,0,1,0,1,0
1809,20230315,返利科技,0,0,1,0,1,0
1810,20230316,久远银海,1,0,0,0,0,0
1811,20230316,安奈儿,1,0,0,0,0,0
1812,20230316,森源电气,1,0,0,0,0,0
1813,20230316,博深股份,1,0,0,0,0,0
1814,20230316,国药一致,1,0,0,0,0,0
1815,20230316,播恩集团,1,0,0,0,0,0
1816,20230316,麦趣尔,1,0,0,0,0,0
1817,20230316,博菲电气,1,0,0,0,0,0
1818,20230316,彩蝶实业,1,0,0,0,0,0
1819,20230316,星光农机,1,0,0,0,0,0
1820,20230316,新亚电子,1,0,0,0,0,0
1821,20230316,ST花王,0,1,0,1,0,0
1822,20230316,亚光股份,0,1,0,1,0,0
1823,20230316,北方国际,0,1,0,1,0,0
1824,20230316,四川黄金,0,0,1,0,0,1
1825,20230316,宝地矿业,0,0,1,0,0,1
1826,20230316,上海建科,0,0,1,0,0,1
1827,20230316,中润资源,0,0,1,0,1,0
1828,20230316,ST曙光,0,0,1,0,1,0
1829,20230317,南方路机,1,0,0,0,0,0
1830,20230317,奥飞娱乐,1,0,0,0,0,0
1831,20230317,宁夏建材,1,0,0,0,0,0
1832,20230317,中国科传,1,0,0,0,0,0
1833,20230317,工业富联,1,0,0,0,0,0
1834,20230317,中工国际,1,0,0,0,0,0
1835,20230317,张江高科,1,0,0,0,0,0
1836,20230317,中油工程,1,0,0,0,0,0
1837,20230317,漫步者,1,0,0,0,0,0
1838,20230317,丽人丽妆,1,0,0,0,0,0
1839,20230317,联合精密,1,0,0,0,0,0
1840,20230317,ST鹏博士,1,0,0,0,0,0
1841,20230317,真视通,1,0,0,0,0,0
1842,20230317,神州数码,1,0,0,0,0,0
1843,20230317,盛通股份,1,0,0,0,0,0
1844,20230317,赛腾股份,1,0,0,0,0,0
1845,20230317,中国联通,1,0,0,0,0,0
1846,20230317,ST泛微,1,0,0,0,0,0
1847,20230317,大华股份,1,0,0,0,0,0
1848,20230317,龙建股份,1,0,0,0,0,0
1849,20230317,*ST新海,1,0,0,0,0,0
1850,20230317,遥望科技,1,0,0,0,0,0
1851,20230317,联络互动,1,0,0,0,0,0
1852,20230317,若羽臣,1,0,0,0,0,0
1853,20230317,曲江文旅,1,0,0,0,0,0
1854,20230317,博深股份,0,1,0,1,0,0
1855,20230317,四川黄金,0,0,1,0,0,1
1856,20230317,宝地矿业,0,0,1,0,0,1
1857,20230317,中润资源,0,0,1,0,0,1
1858,20230317,亚光股份,0,0,1,0,1,0
1859,20230317,北方国际,0,0,1,0,1,0
1860,20230320,*ST必康,1,0,0,0,0,0
1861,20230320,垒知集团,1,0,0,0,0,0
1862,20230320,中天科技,1,0,0,0,0,0
1863,20230320,吉宏股份,1,0,0,0,0,0
1864,20230320,ST大集,1,0,0,0,0,0
1865,20230320,引力传媒,1,0,0,0,0,0
1866,20230320,神开股份,1,0,0,0,0,0
1867,20230320,上海电影,1,0,0,0,0,0
1868,20230320,雅博股份,1,0,0,0,0,0
1869,20230320,宝莫股份,1,0,0,0,0,0
1870,20230320,中公高科,1,0,0,0,0,0
1871,20230320,川大智胜,1,0,0,0,0,0
1872,20230320,中材科技,1,0,0,0,0,0
1873,20230320,姚记科技,1,0,0,0,0,0
1874,20230320,*ST瑞德,1,0,0,0,0,0
1875,20230320,ST三圣,1,0,0,0,0,0
1876,20230320,浙江东日,1,0,0,0,0,0
1877,20230320,中央商场,1,0,0,0,0,0
1878,20230320,中工国际,0,1,0,1,0,0
1879,20230320,张江高科,0,1,0,1,0,0
1880,20230320,联络互动,0,1,0,1,0,0
1881,20230320,*ST新海,0,1,0,1,0,0
1882,20230320,四川黄金,0,0,1,0,0,1
1883,20230320,宝地矿业,0,0,1,0,0,1
1884,20230320,中润资源,0,0,1,0,0,1
1885,20230320,亚光股份,0,0,1,0,0,1
1886,20230321,新宏泰,1,0,0,0,0,0
1887,20230321,继峰股份,1,0,0,0,0,0
1888,20230321,金财互联,1,0,0,0,0,0
1889,20230321,狮头股份,1,0,0,0,0,0
1890,20230321,返利科技,1,0,0,0,0,0
1891,20230321,ST爱迪尔,1,0,0,0,0,0
1892,20230321,志邦家居,1,0,0,0,0,0
1893,20230321,二三四五,1,0,0,0,0,0
1894,20230321,*ST运盛,1,0,0,0,0,0
1895,20230321,*ST炼石,1,0,0,0,0,0
1896,20230321,爱玛科技,1,0,0,0,0,0
1897,20230321,航发科技,1,0,0,0,0,0
1898,20230321,三特索道,1,0,0,0,0,0
1899,20230321,生意宝,1,0,0,0,0,0
1900,20230321,宿迁联盛,1,0,0,0,0,0
1901,20230321,ST鹏博士,1,0,0,0,0,0
1902,20230321,鸿合科技,1,0,0,0,0,0
1903,20230321,盘龙药业,1,0,0,0,0,0
1904,20230321,盛通股份,1,0,0,0,0,0
1905,20230321,云鼎科技,1,0,0,0,0,0
1906,20230321,ST通葡,1,0,0,0,0,0
1907,20230321,鹏欣资源,1,0,0,0,0,0
1908,20230321,蔚蓝锂芯,1,0,0,0,0,0
1909,20230321,宝塔实业,1,0,0,0,0,0
1910,20230321,诺普信,1,0,0,0,0,0
1911,20230321,嵘泰股份,1,0,0,0,0,0
1912,20230321,ST明诚,1,0,0,0,0,0
1913,20230321,天娱数科,1,0,0,0,0,0
1914,20230321,国新文化,1,0,0,0,0,0
1915,20230321,金安国纪,1,0,0,0,0,0
1916,20230321,欢瑞世纪,1,0,0,0,0,0
1917,20230321,若羽臣,1,0,0,0,0,0
1918,20230321,ST大集,0,1,0,1,0,0
1919,20230321,吉宏股份,0,1,0,1,0,0
1920,20230321,雅博股份,0,1,0,1,0,0
1921,20230321,川大智胜,0,1,0,1,0,0
1922,20230321,姚记科技,0,1,0,1,0,0
1923,20230321,ST三圣,0,1,0,1,0,0
1924,20230321,中央商场,0,1,0,1,0,0
1925,20230321,四川黄金,0,0,1,0,0,1
1926,20230321,联络互动,0,0,1,0,1,0
1927,20230322,鹏鼎控股,1,0,0,0,0,0
1928,20230322,千方科技,1,0,0,0,0,0
1929,20230322,工业富联,1,0,0,0,0,0
1930,20230322,浙江黎明,1,0,0,0,0,0
1931,20230322,派林生物,1,0,0,0,0,0
1932,20230322,ST实达,1,0,0,0,0,0
1933,20230322,中衡设计,1,0,0,0,0,0
1934,20230322,漫步者,1,0,0,0,0,0
1935,20230322,*ST同洲,1,0,0,0,0,0
1936,20230322,华设集团,1,0,0,0,0,0
1937,20230322,焦点科技,1,0,0,0,0,0
1938,20230322,南华生物,1,0,0,0,0,0
1939,20230322,汇通能源,1,0,0,0,0,0
1940,20230322,光迅科技,1,0,0,0,0,0
1941,20230322,ST曙光,1,0,0,0,0,0
1942,20230322,上海电影,1,0,0,0,0,0
1943,20230322,国创高新,1,0,0,0,0,0
1944,20230322,惠威科技,1,0,0,0,0,0
1945,20230322,鸿博股份,1,0,0,0,0,0
1946,20230322,文投控股,1,0,0,0,0,0
1947,20230322,华阳国际,1,0,0,0,0,0
1948,20230322,佳力图,1,0,0,0,0,0
1949,20230322,沪电股份,1,0,0,0,0,0
1950,20230322,拓维信息,1,0,0,0,0,0
1951,20230322,*ST博天,1,0,0,0,0,0
1952,20230322,盛通股份,0,1,0,1,0,0
1953,20230322,宿迁联盛,0,1,0,1,0,0
1954,20230322,联络互动,0,0,1,0,0,1
1955,20230322,ST大集,0,0,1,0,1,0
1956,20230323,紫光国微,1,0,0,0,0,0
1957,20230323,浪潮信息,1,0,0,0,0,0
1958,20230323,阿科力,1,0,0,0,0,0
1959,20230323,中国卫通,1,0,0,0,0,0
1960,20230323,科大讯飞,1,0,0,0,0,0
1961,20230323,四川黄金,1,0,0,0,0,0
1962,20230323,ST天成,1,0,0,0,0,0
1963,20230323,金安国纪,1,0,0,0,0,0
1964,20230323,环旭电子,1,0,0,0,0,0
1965,20230323,*ST深南,1,0,0,0,0,0
1966,20230323,跃岭股份,1,0,0,0,0,0
1967,20230323,兆易创新,1,0,0,0,0,0
1968,20230323,ST中利,1,0,0,0,0,0
1969,20230323,世纪华通,1,0,0,0,0,0
1970,20230323,宇环数控,1,0,0,0,0,0
1971,20230323,*ST辅仁,1,0,0,0,0,0
1972,20230323,ST三圣,1,0,0,0,0,0
1973,20230323,爱康科技,1,0,0,0,0,0
1974,20230323,汇通能源,0,1,0,1,0,0
1975,20230323,ST曙光,0,1,0,1,0,0
1976,20230323,沪电股份,0,1,0,1,0,0
1977,20230323,惠威科技,0,1,0,1,0,0
1978,20230323,鸿博股份,0,1,0,1,0,0
1979,20230323,宿迁联盛,0,0,1,0,1,0
1980,20230324,三星新材,1,0,0,0,0,0
1981,20230324,ST信通,1,0,0,0,0,0
1982,20230324,返利科技,1,0,0,0,0,0
1983,20230324,同方股份,1,0,0,0,0,0
1984,20230324,四川长虹,1,0,0,0,0,0
1985,20230324,珠海中富,1,0,0,0,0,0
1986,20230324,兆威机电,1,0,0,0,0,0
1987,20230324,大悦城,1,0,0,0,0,0
1988,20230324,剑桥科技,1,0,0,0,0,0
1989,20230324,三六零,1,0,0,0,0,0
1990,20230324,甘咨询,1,0,0,0,0,0
1991,20230324,智度股份,1,0,0,0,0,0
1992,20230324,国光电器,1,0,0,0,0,0
1993,20230324,巨人网络,1,0,0,0,0,0
1994,20230324,*ST中昌,1,0,0,0,0,0
1995,20230324,ST明诚,1,0,0,0,0,0
1996,20230324,拓维信息,1,0,0,0,0,0
1997,20230324,*ST日海,1,0,0,0,0,0
1998,20230324,*ST博天,1,0,0,0,0,0
1999,20230324,常山北明,1,0,0,0,0,0
2000,20230324,*ST大通,1,0,0,0,0,0
2001,20230324,银星能源,1,0,0,0,0,0
2002,20230324,*ST辅仁,0,1,0,1,0,0
2003,20230324,ST中利,0,1,0,1,0,0
2004,20230324,鸿博股份,0,0,1,0,1,0
2005,20230324,惠威科技,0,0,1,0,1,0
